Sample	0	1	2	3	4	5	6	7	8	9	10	11	12	13	14	15	16	17	18	19	20	21	22	23	24	25	26	27	28	29	30	31	32	33	34	35	36	37	38	39	40	41	42	43	44	45	46	47	48	49	50	51	52	53	54	55	56	57	58	59	60	61	62	63	64	65	66	67	68	69	70	71	72	73	74	75	76	77	78	79	80	81	82	83	84	85	86	87	88	89	90	91	92	93	94	95	96	97	98	99	100
SRR18306560_1	(0.0, 9.632907685974457)	(1.0, 9.632907685974457)	(2.0, 4.816769885205616)	(3.0, 0.0006320844367751986)	(4.0, 0.0006320844367751986)	(5.0, 0.0007432089587243867)	(6.0, 0.0008543334806735749)	(7.0, 0.0008543334806735749)	(8.0, 0.0008543334806735749)	(9.0, 0.0013701959403643015)	(10.0, 0.001886058400055028)	(11.0, 0.001886058400055028)	(12.0, 0.001886058400055028)	(13.0, 0.002730196970458035)	(14.0, 0.0035743355408610427)	(15.0, 0.0035743355408610427)	(16.0, 0.005590888792379337)	(17.0, 0.007607442043897632)	(18.0, 0.007607442043897632)	(19.0, 0.007607442043897632)	(20.0, 0.017276294944504056)	(21.0, 0.026945147845110484)	(22.0, 0.026945147845110484)	(23.0, 0.07213918507453718)	(24.0, 0.11733322230396388)	(25.0, 0.11733322230396388)	(26.0, 0.11733322230396388)	(27.0, 0.2548666398180306)	(28.0, 0.3924000573320974)	(29.0, 0.3924000573320974)	(30.0, 0.6888884378207478)	(31.0, 0.9853768183093982)	(32.0, 0.9853768183093982)	(33.0, 0.9853768183093982)	(34.0, 1.4457483813974248)	(35.0, 1.906119944485451)	(36.0, 1.906119944485451)	(37.0, 1.906119944485451)	(38.0, 2.415863419031783)	(39.0, 2.925606893578115)	(40.0, 2.925606893578115)	(41.0, 3.2739751334516303)	(42.0, 3.6223433733251458)	(43.0, 3.6223433733251458)	(44.0, 3.6223433733251458)	(45.0, 3.6660673044935566)	(46.0, 3.7097912356619673)	(47.0, 3.7097912356619673)	(48.0, 3.424062563472874)	(49.0, 3.138333891283781)	(50.0, 3.138333891283781)	(51.0, 3.138333891283781)	(52.0, 2.679378401232336)	(53.0, 2.2204229111808917)	(54.0, 2.2204229111808917)	(55.0, 1.762201454668928)	(56.0, 1.3039799981569642)	(57.0, 1.3039799981569642)	(58.0, 1.3039799981569642)	(59.0, 0.9691189949009239)	(60.0, 0.6342579916448836)	(61.0, 0.6342579916448836)	(62.0, 0.6342579916448836)	(63.0, 0.44454498438399714)	(64.0, 0.2548319771231107)	(65.0, 0.2548319771231107)	(66.0, 0.16881344120622263)	(67.0, 0.08279490528933456)	(68.0, 0.08279490528933456)	(69.0, 0.08279490528933456)	(70.0, 0.05283104451310898)	(71.0, 0.022867183736883394)	(72.0, 0.022867183736883394)	(73.0, 0.014224958300523139)	(74.0, 0.005582732864162883)	(75.0, 0.005582732864162883)	(76.0, 0.005582732864162883)	(77.0, 0.0036681287153502652)	(78.0, 0.0017535245665376478)	(79.0, 0.0017535245665376478)	(80.0, 0.0015404509418827823)	(81.0, 0.0013273773172279171)	(82.0, 0.0013273773172279171)	(83.0, 0.0013273773172279171)	(84.0, 0.0012397010889010345)	(85.0, 0.0011520248605741523)	(86.0, 0.0011520248605741523)	(87.0, 0.0011520248605741523)	(88.0, 0.0008308851870512691)	(89.0, 0.000509745513528386)	(90.0, 0.000509745513528386)	(91.0, 0.0003099252722252586)	(92.0, 0.00011010503092213136)	(93.0, 0.00011010503092213136)	(94.0, 0.00011010503092213136)	(95.0, 0.00019064482205961636)	(96.0, 0.00027118461319710133)	(97.0, 0.00027118461319710133)	(98.0, 0.0006698056047762992)	(99.0, 0.001068426596355497)	(100.0, 0.001068426596355497)
SRR18306560_2	(0.0, 0.04165251710486658)	(1.0, 0.039494525010572525)	(2.0, 0.025089927781159718)	(3.0, 0.013314157284796038)	(4.0, 0.01378662676604678)	(5.0, 0.01316048209020237)	(6.0, 0.012552320681810409)	(7.0, 0.013028059848052507)	(8.0, 0.013400803937066934)	(9.0, 0.01610973795240424)	(10.0, 0.01896417294985683)	(11.0, 0.02404526342642192)	(12.0, 0.029134528115465394)	(13.0, 0.03569515105061845)	(14.0, 0.04290644129905108)	(15.0, 0.058699019807293924)	(16.0, 0.07562454416504115)	(17.0, 0.10563044333070254)	(18.0, 0.13573443304610458)	(19.0, 0.1878025316909313)	(20.0, 0.24345747477127408)	(21.0, 0.3088119383784704)	(22.0, 0.3723631707129345)	(23.0, 0.4541625149841489)	(24.0, 0.5383552686690348)	(25.0, 0.6210439672578977)	(26.0, 0.7222260041578622)	(27.0, 0.8384257042231187)	(28.0, 0.9638638992314476)	(29.0, 1.0637347924498788)	(30.0, 1.1620019051800508)	(31.0, 1.286287536228927)	(32.0, 1.405899152582662)	(33.0, 1.5490851977240638)	(34.0, 1.7225632394678705)	(35.0, 1.906308092084531)	(36.0, 2.0650169667223888)	(37.0, 2.2097839045571104)	(38.0, 2.3763040566393143)	(39.0, 2.582784663843359)	(40.0, 2.7694640587397603)	(41.0, 2.853311860658058)	(42.0, 2.964924192680444)	(43.0, 3.046596019236995)	(44.0, 3.097060337393563)	(45.0, 3.126883134199708)	(46.0, 3.1096862259876787)	(47.0, 3.0468739424612608)	(48.0, 3.037285591224113)	(49.0, 3.086378276526807)	(50.0, 3.117883326261005)	(51.0, 3.0859499477929395)	(52.0, 3.038328620736355)	(53.0, 3.010173363275801)	(54.0, 2.9609809525808704)	(55.0, 2.8572109600102484)	(56.0, 2.752224644622843)	(57.0, 2.6124848474623286)	(58.0, 2.4477237859054735)	(59.0, 2.2917467330778925)	(60.0, 2.119955848789625)	(61.0, 1.890580907276115)	(62.0, 1.6633770365968648)	(63.0, 1.4779744536895878)	(64.0, 1.31130062641279)	(65.0, 1.2083807519399203)	(66.0, 1.0886694101939491)	(67.0, 0.9432191081960344)	(68.0, 0.8183416641637229)	(69.0, 0.7166283034526632)	(70.0, 0.6105809752855629)	(71.0, 0.5053641471062666)	(72.0, 0.3927169597841171)	(73.0, 0.29996580563436037)	(74.0, 0.2212546788374805)	(75.0, 0.16543625150757002)	(76.0, 0.1380689881299318)	(77.0, 0.11633866167738896)	(78.0, 0.09477508915940519)	(79.0, 0.07654659533260315)	(80.0, 0.06004776486622771)	(81.0, 0.0504136380392013)	(82.0, 0.04174897281211154)	(83.0, 0.0365567130458404)	(84.0, 0.031464178671805565)	(85.0, 0.027877334236289544)	(86.0, 0.02445397405034125)	(87.0, 0.02149000460567828)	(88.0, 0.01873366015796633)	(89.0, 0.01662307849604692)	(90.0, 0.014533749786571312)	(91.0, 0.013394264567084225)	(92.0, 0.012297285252484748)	(93.0, 0.011798658291303167)	(94.0, 0.011301666172617264)	(95.0, 0.01100575968089967)	(96.0, 0.010711488031677754)	(97.0, 0.011993204548288769)	(98.0, 0.013274921064899782)	(99.0, 0.030867461160883344)	(100.0, 0.04846000125686691)
SRR18306561_1	(0.0, 9.62952707717826)	(1.0, 9.62952707717826)	(2.0, 4.81511076002648)	(3.0, 0.0006944428746980134)	(4.0, 0.0006944428746980134)	(5.0, 0.0007585273681684678)	(6.0, 0.000822611861638922)	(7.0, 0.000822611861638922)	(8.0, 0.000822611861638922)	(9.0, 0.0013632519520078452)	(10.0, 0.0019038920423767687)	(11.0, 0.0019038920423767687)	(12.0, 0.0019038920423767687)	(13.0, 0.0027439814931439965)	(14.0, 0.0035840709439112235)	(15.0, 0.0035840709439112235)	(16.0, 0.0055019450575906365)	(17.0, 0.00741981917127005)	(18.0, 0.00741981917127005)	(19.0, 0.00741981917127005)	(20.0, 0.017530021895690626)	(21.0, 0.0276402246201112)	(22.0, 0.0276402246201112)	(23.0, 0.07257277592376807)	(24.0, 0.11750532722742493)	(25.0, 0.11750532722742493)	(26.0, 0.11750532722742493)	(27.0, 0.25533359509324377)	(28.0, 0.3931618629590626)	(29.0, 0.3931618629590626)	(30.0, 0.6903135029732991)	(31.0, 0.9874651429875357)	(32.0, 0.9874651429875357)	(33.0, 0.9874651429875357)	(34.0, 1.4479728175483944)	(35.0, 1.9084804921092529)	(36.0, 1.9084804921092529)	(37.0, 1.9084804921092529)	(38.0, 2.415342228556204)	(39.0, 2.9222039650031553)	(40.0, 2.9222039650031553)	(41.0, 3.271547181672338)	(42.0, 3.6208903983415213)	(43.0, 3.6208903983415213)	(44.0, 3.6208903983415213)	(45.0, 3.667131438484584)	(46.0, 3.7133724786276465)	(47.0, 3.7133724786276465)	(48.0, 3.424635715192385)	(49.0, 3.1358989517571234)	(50.0, 3.1358989517571234)	(51.0, 3.1358989517571234)	(52.0, 2.676753363975664)	(53.0, 2.2176077761942046)	(54.0, 2.2176077761942046)	(55.0, 1.7603940445977275)	(56.0, 1.30318031300125)	(57.0, 1.30318031300125)	(58.0, 1.30318031300125)	(59.0, 0.9697661710636049)	(60.0, 0.6363520291259596)	(61.0, 0.6363520291259596)	(62.0, 0.6363520291259596)	(63.0, 0.4452159492461997)	(64.0, 0.25407986936643995)	(65.0, 0.25407986936643995)	(66.0, 0.16908751860809784)	(67.0, 0.08409516784975575)	(68.0, 0.08409516784975575)	(69.0, 0.08409516784975575)	(70.0, 0.053728439325628846)	(71.0, 0.023361710801501963)	(72.0, 0.023361710801501963)	(73.0, 0.014642724171694523)	(74.0, 0.005923737541887081)	(75.0, 0.005923737541887081)	(76.0, 0.005923737541887081)	(77.0, 0.0037821502873653557)	(78.0, 0.0016405630328436293)	(79.0, 0.0016405630328436293)	(80.0, 0.0012607167624551184)	(81.0, 0.0008808704920666077)	(82.0, 0.0008808704920666077)	(83.0, 0.0008808704920666077)	(84.0, 0.0007293980529546249)	(85.0, 0.000577925613842642)	(86.0, 0.000577925613842642)	(87.0, 0.000577925613842642)	(88.0, 0.00039965420473392387)	(89.0, 0.00022138279562520564)	(90.0, 0.00022138279562520564)	(91.0, 0.00016661968302318108)	(92.0, 0.00011185657042115654)	(93.0, 0.00011185657042115654)	(94.0, 0.00011185657042115654)	(95.0, 0.00020507037910545367)	(96.0, 0.00029828418778975077)	(97.0, 0.00029828418778975077)	(98.0, 0.0014587961059092497)	(99.0, 0.002619308024028749)	(100.0, 0.002619308024028749)
SRR18306561_2	(0.0, 0.04485484759432294)	(1.0, 0.04261640272978912)	(2.0, 0.026995869284461294)	(3.0, 0.014092112828308906)	(4.0, 0.014583524346983692)	(5.0, 0.013611912218805408)	(6.0, 0.012634694636041478)	(7.0, 0.013421326762893513)	(8.0, 0.014163115253060396)	(9.0, 0.016483773451516994)	(10.0, 0.018910935287100826)	(11.0, 0.024961089269872536)	(12.0, 0.0309757420402685)	(13.0, 0.03734914390414568)	(14.0, 0.04445125486415657)	(15.0, 0.060794891951032465)	(16.0, 0.07816245874221932)	(17.0, 0.10861689350602294)	(18.0, 0.1391778319069538)	(19.0, 0.19061348318482274)	(20.0, 0.24567773206446522)	(21.0, 0.31166701193152774)	(22.0, 0.37576725360322827)	(23.0, 0.4588027208652341)	(24.0, 0.544810947542493)	(25.0, 0.6271270481326746)	(26.0, 0.7265827603608933)	(27.0, 0.84162911027665)	(28.0, 0.9665522711723112)	(29.0, 1.0672598682579904)	(30.0, 1.166655788970629)	(31.0, 1.2929803135127012)	(32.0, 1.4143981968074733)	(33.0, 1.5543066062954225)	(34.0, 1.7250655693378945)	(35.0, 1.9081733488325399)	(36.0, 2.066503150573777)	(37.0, 2.2120525158597464)	(38.0, 2.3765389752208823)	(39.0, 2.5813678912348985)	(40.0, 2.7695654234933085)	(41.0, 2.853632294399073)	(42.0, 2.960632948499568)	(43.0, 3.0367568902574753)	(44.0, 3.087172348800757)	(45.0, 3.1221298320816944)	(46.0, 3.109846412599687)	(47.0, 3.044288752735719)	(48.0, 3.0297668883891773)	(49.0, 3.077095609940631)	(50.0, 3.109282130171399)	(51.0, 3.0794087941996398)	(52.0, 3.028451475046413)	(53.0, 2.9958613620854786)	(54.0, 2.949919056301541)	(55.0, 2.8551999531981913)	(56.0, 2.753184416709195)	(57.0, 2.6084926859748294)	(58.0, 2.4426964187255145)	(59.0, 2.2884044127708023)	(60.0, 2.1158031236545156)	(61.0, 1.885641289883113)	(62.0, 1.6593453512909428)	(63.0, 1.4775436427147524)	(64.0, 1.3125041118344993)	(65.0, 1.2062452462241704)	(66.0, 1.0842911077740387)	(67.0, 0.9427309576681862)	(68.0, 0.8221557610461228)	(69.0, 0.7199346912223196)	(70.0, 0.6121399310555246)	(71.0, 0.5060959412043121)	(72.0, 0.3939588222185048)	(73.0, 0.3023862476225632)	(74.0, 0.22438821554818944)	(75.0, 0.1676516727171632)	(76.0, 0.1393459955445231)	(77.0, 0.11765288629808099)	(78.0, 0.09570753159528492)	(79.0, 0.07727119146310193)	(80.0, 0.060940633770259205)	(81.0, 0.05151225915720608)	(82.0, 0.042825673034319826)	(83.0, 0.03722021844867587)	(84.0, 0.03188943113772846)	(85.0, 0.028017930503910375)	(86.0, 0.024209958355396247)	(87.0, 0.02153615651804408)	(88.0, 0.01909778377328896)	(89.0, 0.01682944315096504)	(90.0, 0.014583524346983692)	(91.0, 0.013895921917811367)	(92.0, 0.01324568918587667)	(93.0, 0.012576771605323157)	(94.0, 0.011909722509631526)	(95.0, 0.011851799478913204)	(96.0, 0.011793876448194884)	(97.0, 0.012505769180571667)	(98.0, 0.013217661912948448)	(99.0, 0.029195075966895606)	(100.0, 0.04517249002084276)
SRR18306562_1	(0.0, 9.629082555134673)	(1.0, 9.629082555134673)	(2.0, 4.814865988830556)	(3.0, 0.0006494225264405968)	(4.0, 0.0006494225264405968)	(5.0, 0.0007580447995463194)	(6.0, 0.000866667072652042)	(7.0, 0.000866667072652042)	(8.0, 0.000866667072652042)	(9.0, 0.0014294228918274347)	(10.0, 0.001992178711002827)	(11.0, 0.001992178711002827)	(12.0, 0.001992178711002827)	(13.0, 0.0027698679641959263)	(14.0, 0.0035475572173890254)	(15.0, 0.0035475572173890254)	(16.0, 0.005570935943007326)	(17.0, 0.007594314668625627)	(18.0, 0.007594314668625627)	(19.0, 0.007594314668625627)	(20.0, 0.017352985906687622)	(21.0, 0.027111657144749616)	(22.0, 0.027111657144749616)	(23.0, 0.07243372282006393)	(24.0, 0.11775578849537827)	(25.0, 0.11775578849537827)	(26.0, 0.11775578849537827)	(27.0, 0.2559776310224103)	(28.0, 0.3941994735494423)	(29.0, 0.3941994735494423)	(30.0, 0.6918938352249344)	(31.0, 0.9895881969004264)	(32.0, 0.9895881969004264)	(33.0, 0.9895881969004264)	(34.0, 1.4487992564597405)	(35.0, 1.9080103160190547)	(36.0, 1.9080103160190547)	(37.0, 1.9080103160190547)	(38.0, 2.419286111078916)	(39.0, 2.9305619061387773)	(40.0, 2.9305619061387773)	(41.0, 3.2767850016583964)	(42.0, 3.6230080971780154)	(43.0, 3.6230080971780154)	(44.0, 3.6230080971780154)	(45.0, 3.664643938904316)	(46.0, 3.706279780630617)	(47.0, 3.706279780630617)	(48.0, 3.4214860472205753)	(49.0, 3.136692313810533)	(50.0, 3.136692313810533)	(51.0, 3.136692313810533)	(52.0, 2.6771010762953487)	(53.0, 2.2175098387801646)	(54.0, 2.2175098387801646)	(55.0, 1.7600748689417387)	(56.0, 1.3026398991033128)	(57.0, 1.3026398991033128)	(58.0, 1.3026398991033128)	(59.0, 0.9676464977330705)	(60.0, 0.6326530963628283)	(61.0, 0.6326530963628283)	(62.0, 0.6326530963628283)	(63.0, 0.4432863409883571)	(64.0, 0.2539195856138859)	(65.0, 0.2539195856138859)	(66.0, 0.1685320789479161)	(67.0, 0.0831445722819463)	(68.0, 0.0831445722819463)	(69.0, 0.0831445722819463)	(70.0, 0.05318678047060738)	(71.0, 0.023228988659268465)	(72.0, 0.023228988659268465)	(73.0, 0.014444451210867366)	(74.0, 0.00565991376246627)	(75.0, 0.00565991376246627)	(76.0, 0.00565991376246627)	(77.0, 0.003686223949013352)	(78.0, 0.001712534135560435)	(79.0, 0.001712534135560435)	(80.0, 0.0014236451113430878)	(81.0, 0.0011347560871257404)	(82.0, 0.0011347560871257404)	(83.0, 0.0011347560871257404)	(84.0, 0.001014578253051324)	(85.0, 0.0008944004189769074)	(86.0, 0.0008944004189769074)	(87.0, 0.0008944004189769074)	(88.0, 0.0006309336288906866)	(89.0, 0.0003674668388044658)	(90.0, 0.0003674668388044658)	(91.0, 0.0002461334486331799)	(92.0, 0.00012480005846189404)	(93.0, 0.00012480005846189404)	(94.0, 0.00012480005846189404)	(95.0, 0.00015946674136797572)	(96.0, 0.00019413342427405743)	(97.0, 0.00019413342427405743)	(98.0, 0.0005789336045315641)	(99.0, 0.0009637337847890707)	(100.0, 0.0009637337847890707)
SRR18306562_2	(0.0, 0.029521092273742694)	(1.0, 0.026402197214313382)	(2.0, 0.01672676577920914)	(3.0, 0.011196888858628585)	(4.0, 0.01222725466554641)	(5.0, 0.01198078226928729)	(6.0, 0.011730603521204724)	(7.0, 0.012590477144244059)	(8.0, 0.01340587454540205)	(9.0, 0.015777939712407114)	(10.0, 0.018264901785938984)	(11.0, 0.02378921917878437)	(12.0, 0.02930427069207114)	(13.0, 0.03586080706774607)	(14.0, 0.043140082048992855)	(15.0, 0.05886242648404829)	(16.0, 0.07554286286546436)	(17.0, 0.10613323764027105)	(18.0, 0.13703309279233544)	(19.0, 0.18931118526203297)	(20.0, 0.24497132377062442)	(21.0, 0.31057189786969647)	(22.0, 0.3741654824563728)	(23.0, 0.45671149709223724)	(24.0, 0.5427859586640218)	(25.0, 0.6290790949933895)	(26.0, 0.7328402674666555)	(27.0, 0.8470718838411548)	(28.0, 0.9712309635747527)	(29.0, 1.070639025831382)	(30.0, 1.167656491161889)	(31.0, 1.293559409428418)	(32.0, 1.4143975979282086)	(33.0, 1.5568364048550392)	(34.0, 1.730289963840461)	(35.0, 1.9109023413728676)	(36.0, 2.0666543640495143)	(37.0, 2.213733523459298)	(38.0, 2.380358129210022)	(39.0, 2.5857919449040425)	(40.0, 2.7740079032022473)	(41.0, 2.8578177838099066)	(42.0, 2.9681744093529936)	(43.0, 3.048061116555536)	(44.0, 3.0974371355474757)	(45.0, 3.1272121129211246)	(46.0, 3.109573584593348)	(47.0, 3.0457187022031187)	(48.0, 3.0361896716650403)	(49.0, 3.0832696057023554)	(50.0, 3.111434173208717)	(51.0, 3.0793519918249737)	(52.0, 3.0305467510138446)	(53.0, 3.0024451914884818)	(54.0, 2.9579893545421654)	(55.0, 2.857773307588025)	(56.0, 2.752246058470887)	(57.0, 2.609453294944918)	(58.0, 2.4420095854412125)	(59.0, 2.2864688248185026)	(60.0, 2.1160915378465406)	(61.0, 1.8850820413948353)	(62.0, 1.6577659245351928)	(63.0, 1.4772851224925185)	(64.0, 1.3118465493252975)	(65.0, 1.2060079666549903)	(66.0, 1.0835797532229416)	(67.0, 0.9360428593629618)	(68.0, 0.8138073762257323)	(69.0, 0.7183966144106888)	(70.0, 0.6137978064253241)	(71.0, 0.5060374803345605)	(72.0, 0.39351263897475786)	(73.0, 0.30172668924304397)	(74.0, 0.22261460957160167)	(75.0, 0.16570172414668569)	(76.0, 0.13804678001604775)	(77.0, 0.11664074505973879)	(78.0, 0.0946935827372068)	(79.0, 0.07609696246306945)	(80.0, 0.059620375431942874)	(81.0, 0.05000609880192548)	(82.0, 0.041323969655504604)	(83.0, 0.03586821977139296)	(84.0, 0.03065338275580527)	(85.0, 0.027124935819885235)	(86.0, 0.023425996700086715)	(87.0, 0.020805605960910814)	(88.0, 0.018589207570490457)	(89.0, 0.016250499569896402)	(90.0, 0.013928470152507852)	(91.0, 0.012785060614974945)	(92.0, 0.011678714595676489)	(93.0, 0.011259896839627158)	(94.0, 0.010841079083577825)	(95.0, 0.010781777454402699)	(96.0, 0.010722475825227572)	(97.0, 0.011758401159880565)	(98.0, 0.012794326494533558)	(99.0, 0.030523660441984676)	(100.0, 0.048252994389435803)
SRR18306563_1	(0.0, 9.621608442143236)	(1.0, 9.621608442143236)	(2.0, 4.811121294772322)	(3.0, 0.0006341474014084973)	(4.0, 0.0006341474014084973)	(5.0, 0.0008253241915390002)	(6.0, 0.001016500981669503)	(7.0, 0.001016500981669503)	(8.0, 0.001016500981669503)	(9.0, 0.0015387400181235595)	(10.0, 0.0020609790545776164)	(11.0, 0.0020609790545776164)	(12.0, 0.0020609790545776164)	(13.0, 0.0029107832009504005)	(14.0, 0.0037605873473231842)	(15.0, 0.0037605873473231842)	(16.0, 0.005721315158295781)	(17.0, 0.007682042969268377)	(18.0, 0.007682042969268377)	(19.0, 0.007682042969268377)	(20.0, 0.017353956552882903)	(21.0, 0.02702587013649743)	(22.0, 0.02702587013649743)	(23.0, 0.07229630089697352)	(24.0, 0.1175667316574496)	(25.0, 0.1175667316574496)	(26.0, 0.1175667316574496)	(27.0, 0.2559390934993457)	(28.0, 0.3943114553412417)	(29.0, 0.3943114553412417)	(30.0, 0.6894662707721743)	(31.0, 0.9846210862031067)	(32.0, 0.9846210862031067)	(33.0, 0.9846210862031067)	(34.0, 1.4474810779274832)	(35.0, 1.9103410696518597)	(36.0, 1.9103410696518597)	(37.0, 1.9103410696518597)	(38.0, 2.4155642060721667)	(39.0, 2.9207873424924733)	(40.0, 2.9207873424924733)	(41.0, 3.2731191724301807)	(42.0, 3.6254510023678876)	(43.0, 3.6254510023678876)	(44.0, 3.6254510023678876)	(45.0, 3.66849375723849)	(46.0, 3.7115365121090913)	(47.0, 3.7115365121090913)	(48.0, 3.4272939279733516)	(49.0, 3.143051343837612)	(50.0, 3.143051343837612)	(51.0, 3.143051343837612)	(52.0, 2.680284609084031)	(53.0, 2.21751787433045)	(54.0, 2.21751787433045)	(55.0, 1.7598371416216212)	(56.0, 1.3021564089127924)	(57.0, 1.3021564089127924)	(58.0, 1.3021564089127924)	(59.0, 0.9682346707222258)	(60.0, 0.6343129325316591)	(61.0, 0.6343129325316591)	(62.0, 0.6343129325316591)	(63.0, 0.444208597565303)	(64.0, 0.2541042625989468)	(65.0, 0.2541042625989468)	(66.0, 0.16881260282163887)	(67.0, 0.08352094304433091)	(68.0, 0.08352094304433091)	(69.0, 0.08352094304433091)	(70.0, 0.05319843899021725)	(71.0, 0.022875934936103588)	(72.0, 0.022875934936103588)	(73.0, 0.014275310804500842)	(74.0, 0.0056746866728980975)	(75.0, 0.0056746866728980975)	(76.0, 0.0056746866728980975)	(77.0, 0.0036661646643928753)	(78.0, 0.001657642655887653)	(79.0, 0.001657642655887653)	(80.0, 0.0012776204998965314)	(81.0, 0.0008975983439054099)	(82.0, 0.0008975983439054099)	(83.0, 0.0008975983439054099)	(84.0, 0.0007658728726569536)	(85.0, 0.0006341474014084973)	(86.0, 0.0006341474014084973)	(87.0, 0.0006341474014084973)	(88.0, 0.00042431921711892103)	(89.0, 0.00021449103282934466)	(90.0, 0.00021449103282934466)	(91.0, 0.00015737113821718223)	(92.0, 0.00010025124360501981)	(93.0, 0.00010025124360501981)	(94.0, 0.00010025124360501981)	(95.0, 0.0001748568202413136)	(96.0, 0.0002494623968776074)	(97.0, 0.0002494623968776074)	(98.0, 0.001244980560118153)	(99.0, 0.002240498723358698)	(100.0, 0.002240498723358698)
SRR18306563_2	(0.0, 0.03072655284405246)	(1.0, 0.027875269341120737)	(2.0, 0.01747416106124585)	(3.0, 0.010986322533263494)	(4.0, 0.012072614805527975)	(5.0, 0.011752897114379565)	(6.0, 0.011438788505532003)	(7.0, 0.012390462802576102)	(8.0, 0.013340267405519916)	(9.0, 0.015819481782495304)	(10.0, 0.018304305241771547)	(11.0, 0.023659109144982343)	(12.0, 0.029051306930198802)	(13.0, 0.03590373580773636)	(14.0, 0.043489084772584896)	(15.0, 0.060000353372184956)	(16.0, 0.07766896261986024)	(17.0, 0.10691284804238821)	(18.0, 0.13606698814810259)	(19.0, 0.1894673213462882)	(20.0, 0.24650981865182528)	(21.0, 0.3096232127009816)	(22.0, 0.37050045260619935)	(23.0, 0.453449431365259)	(24.0, 0.5397171171523213)	(25.0, 0.6235841157146199)	(26.0, 0.7260153069986296)	(27.0, 0.8424953797521664)	(28.0, 0.9694737848787929)	(29.0, 1.0719760245386134)	(30.0, 1.1706846548689591)	(31.0, 1.2961299108333535)	(32.0, 1.4169158890998423)	(33.0, 1.5595062399638326)	(34.0, 1.732026653985155)	(35.0, 1.9123530408751588)	(36.0, 2.068691252458531)	(37.0, 2.214504955951409)	(38.0, 2.379959795967762)	(39.0, 2.5851231992859267)	(40.0, 2.7727189568378314)	(41.0, 2.8556660659027906)	(42.0, 2.9646542743964934)	(43.0, 3.0451950871543882)	(44.0, 3.0977503186192457)	(45.0, 3.1303316080107795)	(46.0, 3.1133473068038073)	(47.0, 3.0466067062001017)	(48.0, 3.0325821307538785)	(49.0, 3.0810259048922135)	(50.0, 3.111883336323286)	(51.0, 3.0780287852494594)	(52.0, 3.0302431434344244)	(53.0, 3.003641135775596)	(54.0, 2.9565154959779605)	(55.0, 2.8536841901564904)	(56.0, 2.748770045107305)	(57.0, 2.6083111455176375)	(58.0, 2.4421701277664813)	(59.0, 2.2844259062196963)	(60.0, 2.110781806044104)	(61.0, 1.8818265452998368)	(62.0, 1.6557861376579108)	(63.0, 1.4722139618098153)	(64.0, 1.3076752719026017)	(65.0, 1.205376828899712)	(66.0, 1.0855948763650753)	(67.0, 0.9415162489972597)	(68.0, 0.8177051056765129)	(69.0, 0.7154739716612335)	(70.0, 0.6087331354760713)	(71.0, 0.5038302085914875)	(72.0, 0.39314244816062766)	(73.0, 0.3015461341877586)	(74.0, 0.22329195731450976)	(75.0, 0.16701416489598844)	(76.0, 0.1393277346589963)	(77.0, 0.1178655160818466)	(78.0, 0.09567785619378706)	(79.0, 0.07706318173136852)	(80.0, 0.06062670089577979)	(81.0, 0.05142593622828666)	(82.0, 0.0431020580938263)	(83.0, 0.037728557249612674)	(84.0, 0.03254576520362792)	(85.0, 0.028600710652030577)	(86.0, 0.02474166202904626)	(87.0, 0.02202312680723463)	(88.0, 0.019534563959757827)	(89.0, 0.017494727696348963)	(90.0, 0.015473588373942932)	(91.0, 0.014708883486927145)	(92.0, 0.013994660340619)	(93.0, 0.013287915970711989)	(94.0, 0.012583041294905261)	(95.0, 0.012607347318208941)	(96.0, 0.012631653341512622)	(97.0, 0.013929221047109093)	(98.0, 0.015226788752705563)	(99.0, 0.03344134867766352)	(100.0, 0.05165590860262148)
SRR18306564_1	(0.0, 9.63092334148948)	(1.0, 9.63092334148948)	(2.0, 4.815809650881102)	(3.0, 0.0006959602727248396)	(4.0, 0.0006959602727248396)	(5.0, 0.0007774574793822092)	(6.0, 0.0008589546860395789)	(7.0, 0.0008589546860395789)	(8.0, 0.0008589546860395789)	(9.0, 0.001415205461637499)	(10.0, 0.001971456237235419)	(11.0, 0.001971456237235419)	(12.0, 0.001971456237235419)	(13.0, 0.002702343884241989)	(14.0, 0.0034332315312485583)	(15.0, 0.0034332315312485583)	(16.0, 0.005572856607618232)	(17.0, 0.0077124816839879064)	(18.0, 0.0077124816839879064)	(19.0, 0.0077124816839879064)	(20.0, 0.0175024953345113)	(21.0, 0.027292508985034693)	(22.0, 0.027292508985034693)	(23.0, 0.07228026066635763)	(24.0, 0.1172680123476806)	(25.0, 0.1172680123476806)	(26.0, 0.1172680123476806)	(27.0, 0.25435278197765077)	(28.0, 0.391437551607621)	(29.0, 0.391437551607621)	(30.0, 0.6890330101589631)	(31.0, 0.9866284687103053)	(32.0, 0.9866284687103053)	(33.0, 0.9866284687103053)	(34.0, 1.4480540103462387)	(35.0, 1.909479551982172)	(36.0, 1.909479551982172)	(37.0, 1.909479551982172)	(38.0, 2.4207063549180323)	(39.0, 2.931933157853893)	(40.0, 2.931933157853893)	(41.0, 3.276936705763636)	(42.0, 3.62194025367338)	(43.0, 3.62194025367338)	(44.0, 3.62194025367338)	(45.0, 3.664153219508988)	(46.0, 3.706366185344595)	(47.0, 3.706366185344595)	(48.0, 3.42412712901912)	(49.0, 3.141888072693646)	(50.0, 3.141888072693646)	(51.0, 3.141888072693646)	(52.0, 2.67850789170439)	(53.0, 2.215127710715135)	(54.0, 2.215127710715135)	(55.0, 1.7578507649799984)	(56.0, 1.3005738192448617)	(57.0, 1.3005738192448617)	(58.0, 1.3005738192448617)	(59.0, 0.9667716096279144)	(60.0, 0.6329694000109672)	(61.0, 0.6329694000109672)	(62.0, 0.6329694000109672)	(63.0, 0.4432542517642496)	(64.0, 0.253539103517532)	(65.0, 0.253539103517532)	(66.0, 0.1688376336714273)	(67.0, 0.08413616382532262)	(68.0, 0.08413616382532262)	(69.0, 0.08413616382532262)	(70.0, 0.05365232771610171)	(71.0, 0.023168491606880812)	(72.0, 0.023168491606880812)	(73.0, 0.014426299184809314)	(74.0, 0.005684106762737817)	(75.0, 0.005684106762737817)	(76.0, 0.005684106762737817)	(77.0, 0.0036764295447657886)	(78.0, 0.0016687523267937604)	(79.0, 0.0016687523267937604)	(80.0, 0.0014216734939118934)	(81.0, 0.0011745946610300267)	(82.0, 0.0011745946610300267)	(83.0, 0.0011745946610300267)	(84.0, 0.00112414400928975)	(85.0, 0.0010736933575494737)	(86.0, 0.0010736933575494737)	(87.0, 0.0010736933575494737)	(88.0, 0.0007593469890139049)	(89.0, 0.00044500062047833606)	(90.0, 0.00044500062047833606)	(91.0, 0.0002832998136184756)	(92.0, 0.0001215990067586151)	(93.0, 0.0001215990067586151)	(94.0, 0.0001215990067586151)	(95.0, 0.00018886654241231706)	(96.0, 0.000256134078066019)	(97.0, 0.000256134078066019)	(98.0, 0.0006636201113528675)	(99.0, 0.0010711061446397158)	(100.0, 0.0010711061446397158)
SRR18306564_2	(0.0, 0.04224939110653014)	(1.0, 0.04008153223849891)	(2.0, 0.02568031093527136)	(3.0, 0.013948978974777013)	(4.0, 0.014469680004323271)	(5.0, 0.01368966571305079)	(6.0, 0.012922098458341169)	(7.0, 0.013652324603362215)	(8.0, 0.014309943035099916)	(9.0, 0.01701302447533407)	(10.0, 0.019784564616663947)	(11.0, 0.02513056682041177)	(12.0, 0.030515984639941977)	(13.0, 0.03737015277388952)	(14.0, 0.04497944112598382)	(15.0, 0.06106931038957254)	(16.0, 0.07816324060256519)	(17.0, 0.10848629617578286)	(18.0, 0.13900435532181865)	(19.0, 0.19193745281146918)	(20.0, 0.2483329009716883)	(21.0, 0.31279817783682745)	(22.0, 0.3754441128576954)	(23.0, 0.45702613950285914)	(24.0, 0.5411162440154389)	(25.0, 0.625934500166946)	(26.0, 0.7299626827471315)	(27.0, 0.8465872663289301)	(28.0, 0.9716799837856603)	(29.0, 1.072193953042932)	(30.0, 1.1732016547505308)	(31.0, 1.2988690103952463)	(32.0, 1.4151927905934427)	(33.0, 1.5554957867299861)	(34.0, 1.730140156743457)	(35.0, 1.9128419084252848)	(36.0, 2.0681394346078856)	(37.0, 2.2142966869411604)	(38.0, 2.3812923529867547)	(39.0, 2.587479588156603)	(40.0, 2.7762202270775114)	(41.0, 2.855756790714179)	(42.0, 2.9618698519186433)	(43.0, 3.0423212727426807)	(44.0, 3.0932026837055533)	(45.0, 3.1240837814180056)	(46.0, 3.107361187795805)	(47.0, 3.0453147850360485)	(48.0, 3.0339029270140006)	(49.0, 3.0802992558020565)	(50.0, 3.1106098643387114)	(51.0, 3.0797661077359475)	(52.0, 3.0339589386785333)	(53.0, 3.0031234801001445)	(54.0, 2.9532482045927697)	(55.0, 2.853510100614583)	(56.0, 2.7493574476687686)	(57.0, 2.6078138968881266)	(58.0, 2.441330633847704)	(59.0, 2.286626416407932)	(60.0, 2.11750230711009)	(61.0, 1.8830084362902062)	(62.0, 1.651908457439796)	(63.0, 1.4714471723392826)	(64.0, 1.3077769395620655)	(65.0, 1.2052776679730177)	(66.0, 1.0864416608952179)	(67.0, 0.9392782731064453)	(68.0, 0.8122251473910649)	(69.0, 0.7127131645771031)	(70.0, 0.6086704604542608)	(71.0, 0.5025698462863593)	(72.0, 0.39071870122641694)	(73.0, 0.2987620696061104)	(74.0, 0.2201694062421266)	(75.0, 0.16464110162912002)	(76.0, 0.13745262476364892)	(77.0, 0.11539647597426327)	(78.0, 0.0930644178744009)	(79.0, 0.07538962595514151)	(80.0, 0.0596399756909376)	(81.0, 0.05002671445222303)	(82.0, 0.04120798904743763)	(83.0, 0.03575826153899932)	(84.0, 0.03062178445072628)	(85.0, 0.027093049585155828)	(86.0, 0.023626549902399676)	(87.0, 0.020879903834195513)	(88.0, 0.01838427300334234)	(89.0, 0.016257904257187306)	(90.0, 0.01409004538915608)	(91.0, 0.012843267226776396)	(92.0, 0.011679469308149107)	(93.0, 0.011198183894385235)	(94.0, 0.010721047492808984)	(95.0, 0.010416095097018945)	(96.0, 0.010111142701228907)	(97.0, 0.011310207223450964)	(98.0, 0.012509271745673022)	(99.0, 0.029186226233809905)	(100.0, 0.04586318072194679)
SRR18306565_1	(0.0, 9.623127027431915)	(1.0, 9.623127027431915)	(2.0, 4.811875533019378)	(3.0, 0.0006240386068403379)	(4.0, 0.0006240386068403379)	(5.0, 0.0007323967749737019)	(6.0, 0.0008407549431070661)	(7.0, 0.0008407549431070661)	(8.0, 0.0008407549431070661)	(9.0, 0.00133424154014817)	(10.0, 0.0018277281371892739)	(11.0, 0.0018277281371892739)	(12.0, 0.0018277281371892739)	(13.0, 0.002749425326371865)	(14.0, 0.003671122515554456)	(15.0, 0.003671122515554456)	(16.0, 0.005809564436065907)	(17.0, 0.007948006356577357)	(18.0, 0.007948006356577357)	(19.0, 0.007948006356577357)	(20.0, 0.017710685649364063)	(21.0, 0.02747336494215077)	(22.0, 0.02747336494215077)	(23.0, 0.0727266080988592)	(24.0, 0.11797985125556765)	(25.0, 0.11797985125556765)	(26.0, 0.11797985125556765)	(27.0, 0.25646550669030094)	(28.0, 0.3949511621250342)	(29.0, 0.3949511621250342)	(30.0, 0.6895391611968094)	(31.0, 0.9841271602685846)	(32.0, 0.9841271602685846)	(33.0, 0.9841271602685846)	(34.0, 1.4462355817544428)	(35.0, 1.9083440032403007)	(36.0, 1.9083440032403007)	(37.0, 1.9083440032403007)	(38.0, 2.416105157032853)	(39.0, 2.9238663108254053)	(40.0, 2.9238663108254053)	(41.0, 3.273633422358925)	(42.0, 3.623400533892444)	(43.0, 3.623400533892444)	(44.0, 3.623400533892444)	(45.0, 3.66669810794236)	(46.0, 3.7099956819922757)	(47.0, 3.7099956819922757)	(48.0, 3.4231167790991455)	(49.0, 3.136237876206015)	(50.0, 3.136237876206015)	(51.0, 3.136237876206015)	(52.0, 2.6789925170851783)	(53.0, 2.2217471579643417)	(54.0, 2.2217471579643417)	(55.0, 1.7625657125381822)	(56.0, 1.303384267112023)	(57.0, 1.303384267112023)	(58.0, 1.303384267112023)	(59.0, 0.9693643390004872)	(60.0, 0.6353444108889515)	(61.0, 0.6353444108889515)	(62.0, 0.6353444108889515)	(63.0, 0.44557662048498115)	(64.0, 0.2558088300810108)	(65.0, 0.2558088300810108)	(66.0, 0.17028812502182666)	(67.0, 0.08476741996264255)	(68.0, 0.08476741996264255)	(69.0, 0.08476741996264255)	(70.0, 0.05396758981080729)	(71.0, 0.02316775965897204)	(72.0, 0.02316775965897204)	(73.0, 0.014397275640659509)	(74.0, 0.0056267916223469785)	(75.0, 0.0056267916223469785)	(76.0, 0.0056267916223469785)	(77.0, 0.003725954359670134)	(78.0, 0.001825117096993289)	(79.0, 0.001825117096993289)	(80.0, 0.0013042145778943462)	(81.0, 0.0007833120587954032)	(82.0, 0.0007833120587954032)	(83.0, 0.0007833120587954032)	(84.0, 0.000671037330368062)	(85.0, 0.0005587626019407209)	(86.0, 0.0005587626019407209)	(87.0, 0.0005587626019407209)	(88.0, 0.0003825173887117552)	(89.0, 0.00020627217548278948)	(90.0, 0.00020627217548278948)	(91.0, 0.00016188449215104997)	(92.0, 0.00011749680881931047)	(93.0, 0.00011749680881931047)	(94.0, 0.00011749680881931047)	(95.0, 0.00017755073332695806)	(96.0, 0.00023760465783460562)	(97.0, 0.00023760465783460562)	(98.0, 0.001379934743577902)	(99.0, 0.002522264829321198)	(100.0, 0.002522264829321198)
SRR18306565_2	(0.0, 0.04554797060091624)	(1.0, 0.04298333261663042)	(2.0, 0.02708676427811428)	(3.0, 0.014422686590812283)	(4.0, 0.015103100749908522)	(5.0, 0.014070964810110225)	(6.0, 0.013038828870311929)	(7.0, 0.014020718841438502)	(8.0, 0.014969111500117262)	(9.0, 0.01775566917936986)	(10.0, 0.0206071279014901)	(11.0, 0.02594994923691657)	(12.0, 0.03131998713870689)	(13.0, 0.03849678633065122)	(14.0, 0.04636656117385972)	(15.0, 0.06248504920734263)	(16.0, 0.0797131357156594)	(17.0, 0.11039458033582981)	(18.0, 0.1409001640656492)	(19.0, 0.19452098696648884)	(20.0, 0.2521426451228143)	(21.0, 0.3167715223268171)	(22.0, 0.37919376407332006)	(23.0, 0.46238015237341235)	(24.0, 0.5488764938597542)	(25.0, 0.6303587063890639)	(26.0, 0.7293642004926366)	(27.0, 0.84635356421663)	(28.0, 0.9717423790369129)	(29.0, 1.0709656056713965)	(30.0, 1.170708040648821)	(31.0, 1.294666938943988)	(32.0, 1.410601137325875)	(33.0, 1.551231229309914)	(34.0, 1.726131165510095)	(35.0, 1.9106552982929392)	(36.0, 2.068350177387112)	(37.0, 2.2150516572523165)	(38.0, 2.3824565697922995)	(39.0, 2.5889235358104905)	(40.0, 2.7774296616105683)	(41.0, 2.856904128975037)	(42.0, 2.961447147542639)	(43.0, 3.040911146996968)	(44.0, 3.092610061596114)	(45.0, 3.1216626993985095)	(46.0, 3.101576873421989)	(47.0, 3.0393409604759767)	(48.0, 3.029900999111777)	(49.0, 3.0762780281957767)	(50.0, 3.1063209302974104)	(51.0, 3.0746701571982813)	(52.0, 3.0284836440788285)	(53.0, 2.999786915221191)	(54.0, 2.948986147312052)	(55.0, 2.850403556778133)	(56.0, 2.7523841398097426)	(57.0, 2.6111992485882873)	(58.0, 2.4419038314770307)	(59.0, 2.284822371917059)	(60.0, 2.113701351277397)	(61.0, 1.88302210910552)	(62.0, 1.6549410022303768)	(63.0, 1.476316583602404)	(64.0, 1.3142461180697358)	(65.0, 1.2067344001864462)	(66.0, 1.0825975474189002)	(67.0, 0.9379331228669278)	(68.0, 0.8158731034711465)	(69.0, 0.7152995164286103)	(70.0, 0.6086482607588238)	(71.0, 0.5017039036051189)	(72.0, 0.3894230058620715)	(73.0, 0.2999077190913703)	(74.0, 0.2232449323904901)	(75.0, 0.16627437824486896)	(76.0, 0.13773257445730272)	(77.0, 0.11648481045524815)	(78.0, 0.09486229527018367)	(79.0, 0.07638015312710182)	(80.0, 0.06020304479683525)	(81.0, 0.05047207553074502)	(82.0, 0.041362900126967375)	(83.0, 0.036269215052871534)	(84.0, 0.03144769564241418)	(85.0, 0.027367304269864733)	(86.0, 0.023318316627735113)	(87.0, 0.020353804476103497)	(88.0, 0.01764680291391446)	(89.0, 0.015758391924668897)	(90.0, 0.013897197501787185)	(91.0, 0.012768756788701425)	(92.0, 0.011698936372399335)	(93.0, 0.010859409979175977)	(94.0, 0.010017790003924628)	(95.0, 0.009753998668398087)	(96.0, 0.009492300914899533)	(97.0, 0.010597712225677423)	(98.0, 0.011703123536455314)	(99.0, 0.02589551610418887)	(100.0, 0.040087908671922426)
SRR18306566_1	(0.0, 9.62076972630243)	(1.0, 9.62076972630243)	(2.0, 4.810722184423284)	(3.0, 0.0006746425441375192)	(4.0, 0.0006746425441375192)	(5.0, 0.0007676966881564873)	(6.0, 0.0008607508321754554)	(7.0, 0.0008607508321754554)	(8.0, 0.0008607508321754554)	(9.0, 0.001379010717614431)	(10.0, 0.0018972706030534062)	(11.0, 0.0018972706030534062)	(12.0, 0.0018972706030534062)	(13.0, 0.002796793995236765)	(14.0, 0.0036963173874201244)	(15.0, 0.0036963173874201244)	(16.0, 0.005876627678531225)	(17.0, 0.008056937969642327)	(18.0, 0.008056937969642327)	(19.0, 0.008056937969642327)	(20.0, 0.01789482886231435)	(21.0, 0.027732719754986368)	(22.0, 0.027732719754986368)	(23.0, 0.07277480271616775)	(24.0, 0.11781688567734912)	(25.0, 0.11781688567734912)	(26.0, 0.11781688567734912)	(27.0, 0.25616125704154924)	(28.0, 0.3945056284057493)	(29.0, 0.3945056284057493)	(30.0, 0.6924120083891413)	(31.0, 0.9903183883725332)	(32.0, 0.9903183883725332)	(33.0, 0.9903183883725332)	(34.0, 1.4511638669518052)	(35.0, 1.9120093455310774)	(36.0, 1.9120093455310774)	(37.0, 1.9120093455310774)	(38.0, 2.419686906925229)	(39.0, 2.9273644683193805)	(40.0, 2.9273644683193805)	(41.0, 3.2746321944488344)	(42.0, 3.621899920578288)	(43.0, 3.621899920578288)	(44.0, 3.621899920578288)	(45.0, 3.664875426091048)	(46.0, 3.707850931603808)	(47.0, 3.707850931603808)	(48.0, 3.4225288321803147)	(49.0, 3.1372067327568214)	(50.0, 3.1372067327568214)	(51.0, 3.1372067327568214)	(52.0, 2.6764039039935583)	(53.0, 2.215601075230295)	(54.0, 2.215601075230295)	(55.0, 1.7579194375476677)	(56.0, 1.3002377998650405)	(57.0, 1.3002377998650405)	(58.0, 1.3002377998650405)	(59.0, 0.9679492060853067)	(60.0, 0.635660612305573)	(61.0, 0.635660612305573)	(62.0, 0.635660612305573)	(63.0, 0.44551997802681476)	(64.0, 0.25537934374805654)	(65.0, 0.25537934374805654)	(66.0, 0.1697979644612783)	(67.0, 0.08421658517450005)	(68.0, 0.08421658517450005)	(69.0, 0.08421658517450005)	(70.0, 0.053822775384304564)	(71.0, 0.023428965594109095)	(72.0, 0.023428965594109095)	(73.0, 0.014363941064261278)	(74.0, 0.005298916534413464)	(75.0, 0.005298916534413464)	(76.0, 0.005298916534413464)	(77.0, 0.0035295953793861396)	(78.0, 0.0017602742243588143)	(79.0, 0.0017602742243588143)	(80.0, 0.001403566672286103)	(81.0, 0.0010468591202133918)	(82.0, 0.0010468591202133918)	(83.0, 0.0010468591202133918)	(84.0, 0.0009111551601857299)	(85.0, 0.000775451200158068)	(86.0, 0.000775451200158068)	(87.0, 0.000775451200158068)	(88.0, 0.0005777111441177607)	(89.0, 0.0003799710880774533)	(90.0, 0.0003799710880774533)	(91.0, 0.000262360989386813)	(92.0, 0.00014475089069617268)	(93.0, 0.00014475089069617268)	(94.0, 0.00014475089069617268)	(95.0, 0.00021195666137653857)	(96.0, 0.0002791624320569045)	(97.0, 0.0002791624320569045)	(98.0, 0.000604851936123293)	(99.0, 0.0009305414401896816)	(100.0, 0.0009305414401896816)
SRR18306566_2	(0.0, 0.030048828724806357)	(1.0, 0.02706177283404711)	(2.0, 0.01747251499181793)	(3.0, 0.011765807936120368)	(4.0, 0.012669594451298043)	(5.0, 0.012364877438153277)	(6.0, 0.01206845204441381)	(7.0, 0.013119414804035556)	(8.0, 0.014135138181184777)	(9.0, 0.016479593568033284)	(10.0, 0.018915256768340095)	(11.0, 0.024746338115117155)	(12.0, 0.030579492366745543)	(13.0, 0.037619077241845045)	(14.0, 0.045429782721637425)	(15.0, 0.061471993366041144)	(16.0, 0.07843250085958181)	(17.0, 0.1085580270638872)	(18.0, 0.13880585465442075)	(19.0, 0.19178308393973229)	(20.0, 0.24820548108794588)	(21.0, 0.3120322943650921)	(22.0, 0.37438941810264903)	(23.0, 0.45813891990587935)	(24.0, 0.5448153633591805)	(25.0, 0.6287306975505167)	(26.0, 0.7297246948119192)	(27.0, 0.8455047223778225)	(28.0, 0.9730194643070763)	(29.0, 1.0744632819212163)	(30.0, 1.1717923834054762)	(31.0, 1.2944171427904545)	(32.0, 1.4120462014837398)	(33.0, 1.555864340068664)	(34.0, 1.7322913448697814)	(35.0, 1.916019120557265)	(36.0, 2.0727245086028767)	(37.0, 2.2172142683596303)	(38.0, 2.3834259980534176)	(39.0, 2.5892778872190925)	(40.0, 2.7749127353697953)	(41.0, 2.853618859669752)	(42.0, 2.9611279968788686)	(43.0, 3.04562996314313)	(44.0, 3.0996913216656843)	(45.0, 3.1323354272643495)	(46.0, 3.118272840752961)	(47.0, 3.0497819915603337)	(48.0, 3.0319612285534934)	(49.0, 3.0814062279721472)	(50.0, 3.111763919519801)	(51.0, 3.0744868715784244)	(52.0, 3.026001627105934)	(53.0, 3.001199320559831)	(54.0, 2.9566899075921818)	(55.0, 2.857866241710117)	(56.0, 2.753344160391759)	(57.0, 2.60728106585285)	(58.0, 2.4380304576470198)	(59.0, 2.281490901989514)	(60.0, 2.111307486600588)	(61.0, 1.884958714265012)	(62.0, 1.657811873561676)	(63.0, 1.4738622970551007)	(64.0, 1.3087139675500428)	(65.0, 1.202883883270499)	(66.0, 1.0816624804698678)	(67.0, 0.9394674263835309)	(68.0, 0.8169877703381453)	(69.0, 0.7155480985337079)	(70.0, 0.608675343113948)	(71.0, 0.5018067335038906)	(72.0, 0.3904088267936882)	(73.0, 0.3001773515203648)	(74.0, 0.22211590062917014)	(75.0, 0.16538464065810915)	(76.0, 0.13775281898994768)	(77.0, 0.11566601779908042)	(78.0, 0.09306928201478723)	(79.0, 0.07503500980826024)	(80.0, 0.05899487206870785)	(81.0, 0.049304041888763736)	(82.0, 0.04058540408409103)	(83.0, 0.035488131054683)	(84.0, 0.03051523231635447)	(85.0, 0.026868992682873894)	(86.0, 0.023357491864729442)	(87.0, 0.020695882035628218)	(88.0, 0.01823948978680816)	(89.0, 0.015959294450350728)	(90.0, 0.01369568235270389)	(91.0, 0.012843718458809338)	(92.0, 0.01204772299590056)	(93.0, 0.011181248768046735)	(94.0, 0.01031062873049026)	(95.0, 0.010379034590583983)	(96.0, 0.010447440450677706)	(97.0, 0.011566809070393175)	(98.0, 0.012686177690108644)	(99.0, 0.029901652480362285)	(100.0, 0.04711712727061593)
SRR18306567_1	(0.0, 9.625409916523967)	(1.0, 9.625409916523967)	(2.0, 4.8130152504572346)	(3.0, 0.0006205843905007982)	(4.0, 0.0006205843905007982)	(5.0, 0.0007522630111742868)	(6.0, 0.0008839416318477756)	(7.0, 0.0008839416318477756)	(8.0, 0.0008839416318477756)	(9.0, 0.0013793661452727824)	(10.0, 0.0018747906586977895)	(11.0, 0.0018747906586977895)	(12.0, 0.0018747906586977895)	(13.0, 0.0027939335059731316)	(14.0, 0.0037130763532484735)	(15.0, 0.0037130763532484735)	(16.0, 0.005804289299389818)	(17.0, 0.007895502245531164)	(18.0, 0.007895502245531164)	(19.0, 0.007895502245531164)	(20.0, 0.017866572452569198)	(21.0, 0.027837642659607233)	(22.0, 0.027837642659607233)	(23.0, 0.07271658483231516)	(24.0, 0.11759552700502308)	(25.0, 0.11759552700502308)	(26.0, 0.11759552700502308)	(27.0, 0.2563248207537813)	(28.0, 0.39505411450253963)	(29.0, 0.39505411450253963)	(30.0, 0.6921771439368704)	(31.0, 0.989300173371201)	(32.0, 0.989300173371201)	(33.0, 0.989300173371201)	(34.0, 1.4488520407780787)	(35.0, 1.9084039081849566)	(36.0, 1.9084039081849566)	(37.0, 1.9084039081849566)	(38.0, 2.4166221077948045)	(39.0, 2.9248403074046525)	(40.0, 2.9248403074046525)	(41.0, 3.2761732085974353)	(42.0, 3.627506109790218)	(43.0, 3.627506109790218)	(44.0, 3.627506109790218)	(45.0, 3.6657424522368727)	(46.0, 3.7039787946835268)	(47.0, 3.7039787946835268)	(48.0, 3.42031957827588)	(49.0, 3.136660361868234)	(50.0, 3.136660361868234)	(51.0, 3.136660361868234)	(52.0, 2.677272766800018)	(53.0, 2.217885171731802)	(54.0, 2.217885171731802)	(55.0, 1.7605966121020449)	(56.0, 1.3033080524722878)	(57.0, 1.3033080524722878)	(58.0, 1.3033080524722878)	(59.0, 0.9686031624485116)	(60.0, 0.6338982724247355)	(61.0, 0.6338982724247355)	(62.0, 0.6338982724247355)	(63.0, 0.4437817228953281)	(64.0, 0.2536651733659208)	(65.0, 0.2536651733659208)	(66.0, 0.16866336434938498)	(67.0, 0.0836615553328492)	(68.0, 0.0836615553328492)	(69.0, 0.0836615553328492)	(70.0, 0.05331419638812845)	(71.0, 0.02296683744340769)	(72.0, 0.02296683744340769)	(73.0, 0.014282567222555134)	(74.0, 0.0055982970017025785)	(75.0, 0.0055982970017025785)	(76.0, 0.0055982970017025785)	(77.0, 0.0037261138404438682)	(78.0, 0.0018539306791851577)	(79.0, 0.0018539306791851577)	(80.0, 0.001357202417040611)	(81.0, 0.0008604741548960647)	(82.0, 0.0008604741548960647)	(83.0, 0.0008604741548960647)	(84.0, 0.0007626930009306028)	(85.0, 0.0006649118469651409)	(86.0, 0.0006649118469651409)	(87.0, 0.0006649118469651409)	(88.0, 0.00042241458513079535)	(89.0, 0.0001799173232964499)	(90.0, 0.0001799173232964499)	(91.0, 0.0001290711232344097)	(92.0, 7.822492317236952e-05)	(93.0, 7.822492317236952e-05)	(94.0, 7.822492317236952e-05)	(95.0, 0.00015253860018612058)	(96.0, 0.00022685227719987158)	(97.0, 0.00022685227719987158)	(98.0, 0.0011629438578292268)	(99.0, 0.0020990354384585823)	(100.0, 0.0020990354384585823)
SRR18306567_2	(0.0, 0.03151975552011308)	(1.0, 0.028537987484310957)	(2.0, 0.018032796311891683)	(3.0, 0.01130186271634677)	(4.0, 0.012096443258846635)	(5.0, 0.011872706106090094)	(6.0, 0.01164478695047829)	(7.0, 0.0129579358470307)	(8.0, 0.014262720737872584)	(9.0, 0.016916201549536606)	(10.0, 0.0196010473826151)	(11.0, 0.024995831065903657)	(12.0, 0.030424070772034323)	(13.0, 0.03790149187724358)	(14.0, 0.0461463105063935)	(15.0, 0.06184973122790399)	(16.0, 0.07864256369321036)	(17.0, 0.10841424201982375)	(18.0, 0.13806882426648975)	(19.0, 0.1905864161228756)	(20.0, 0.2466963484319319)	(21.0, 0.3117369478384011)	(22.0, 0.37491237397142335)	(23.0, 0.4591818225063893)	(24.0, 0.5464894961157035)	(25.0, 0.6297949929925315)	(26.0, 0.7313507503297247)	(27.0, 0.846424831896554)	(28.0, 0.9704483995736448)	(29.0, 1.0707432830499766)	(30.0, 1.1702017659552557)	(31.0, 1.297340925759517)	(32.0, 1.4191062118947662)	(33.0, 1.5599079750271698)	(34.0, 1.7303413193905357)	(35.0, 1.913582047498143)	(36.0, 2.0736168417618988)	(37.0, 2.2197945695647423)	(38.0, 2.3831164180727344)	(39.0, 2.5855797223045554)	(40.0, 2.7735544776443195)	(41.0, 2.8588443348759696)	(42.0, 2.967469768039984)	(43.0, 3.0443391625225633)	(44.0, 3.0947845719641665)	(45.0, 3.1288908962502595)	(46.0, 3.1137060438828015)	(47.0, 3.0469800973256618)	(48.0, 3.0331732148990125)	(49.0, 3.079520261542459)	(50.0, 3.108451357295164)	(51.0, 3.0767434116465644)	(52.0, 3.0286901078381714)	(53.0, 3.0000705712981826)	(54.0, 2.9521009075468947)	(55.0, 2.8527427927101416)	(56.0, 2.7505973729703563)	(57.0, 2.6082608147900714)	(58.0, 2.4412588037694483)	(59.0, 2.2858033026322047)	(60.0, 2.1143767325907143)	(61.0, 1.8815039945968524)	(62.0, 1.6522194150528056)	(63.0, 1.4704068409202706)	(64.0, 1.3060541287084564)	(65.0, 1.2030785814019014)	(66.0, 1.0829359123744942)	(67.0, 0.9367247285488085)	(68.0, 0.8126049748060465)	(69.0, 0.7137319723005041)	(70.0, 0.6097945643372388)	(71.0, 0.504232448264704)	(72.0, 0.3923931459064204)	(73.0, 0.3013133057216595)	(74.0, 0.22278156510411357)	(75.0, 0.1655801300498338)	(76.0, 0.13757325692814118)	(77.0, 0.11634959243768422)	(78.0, 0.09464081561601687)	(79.0, 0.07616890900432262)	(80.0, 0.05975663879884514)	(81.0, 0.050133850228886244)	(82.0, 0.04130355119999958)	(83.0, 0.03621405372514518)	(84.0, 0.03138593142874468)	(85.0, 0.027735042936100567)	(86.0, 0.02409042744773934)	(87.0, 0.021403490613233215)	(88.0, 0.018994656968602044)	(89.0, 0.016414361206905117)	(90.0, 0.013869612469477913)	(91.0, 0.012943298837037282)	(92.0, 0.012056714231721642)	(93.0, 0.011690788981886177)	(94.0, 0.011329045734905976)	(95.0, 0.011111581586432329)	(96.0, 0.01089411743795868)	(97.0, 0.011916617136070349)	(98.0, 0.012939116834182019)	(99.0, 0.030056054520771227)	(100.0, 0.04717299220736043)
SRR18306568_1	(0.0, 9.626531122125554)	(1.0, 9.626531122125554)	(2.0, 4.813563627712042)	(3.0, 0.0005961332985301121)	(4.0, 0.0005961332985301121)	(5.0, 0.0007698342079294035)	(6.0, 0.0009435351173286946)	(7.0, 0.0009435351173286946)	(8.0, 0.0009435351173286946)	(9.0, 0.0014409980767917537)	(10.0, 0.0019384610362548128)	(11.0, 0.0019384610362548128)	(12.0, 0.0019384610362548128)	(13.0, 0.002743240989270464)	(14.0, 0.0035480209422861153)	(15.0, 0.0035480209422861153)	(16.0, 0.005765020123198963)	(17.0, 0.00798201930411181)	(18.0, 0.00798201930411181)	(19.0, 0.00798201930411181)	(20.0, 0.01754379184932842)	(21.0, 0.027105564394545027)	(22.0, 0.027105564394545027)	(23.0, 0.07235002612091664)	(24.0, 0.11759448784728825)	(25.0, 0.11759448784728825)	(26.0, 0.11759448784728825)	(27.0, 0.25495182235688163)	(28.0, 0.39230915686647505)	(29.0, 0.39230915686647505)	(30.0, 0.6877713203065736)	(31.0, 0.9832334837466723)	(32.0, 0.9832334837466723)	(33.0, 0.9832334837466723)	(34.0, 1.4438389603040593)	(35.0, 1.9044444368614462)	(36.0, 1.9044444368614462)	(37.0, 1.9044444368614462)	(38.0, 2.4122513368700345)	(39.0, 2.920058236878623)	(40.0, 2.920058236878623)	(41.0, 3.2729578436320983)	(42.0, 3.625857450385573)	(43.0, 3.625857450385573)	(44.0, 3.625857450385573)	(45.0, 3.6685549839847758)	(46.0, 3.7112525175839792)	(47.0, 3.7112525175839792)	(48.0, 3.4263953599615253)	(49.0, 3.141538202339071)	(50.0, 3.141538202339071)	(51.0, 3.141538202339071)	(52.0, 2.6810190623283674)	(53.0, 2.2204999223176642)	(54.0, 2.2204999223176642)	(55.0, 1.7626222695090688)	(56.0, 1.3047446167004728)	(57.0, 1.3047446167004728)	(58.0, 1.3047446167004728)	(59.0, 0.9696570617806649)	(60.0, 0.634569506860857)	(61.0, 0.634569506860857)	(62.0, 0.634569506860857)	(63.0, 0.4451759022857766)	(64.0, 0.255782297710696)	(65.0, 0.255782297710696)	(66.0, 0.1698825728406027)	(67.0, 0.08398284797050941)	(68.0, 0.08398284797050941)	(69.0, 0.08398284797050941)	(70.0, 0.05365405249977398)	(71.0, 0.023325257029038555)	(72.0, 0.023325257029038555)	(73.0, 0.014549763748262527)	(74.0, 0.005774270467486499)	(75.0, 0.005774270467486499)	(76.0, 0.005774270467486499)	(77.0, 0.003764890125027243)	(78.0, 0.0017555097825679852)	(79.0, 0.0017555097825679852)	(80.0, 0.0013227992331176796)	(81.0, 0.0008900886836673743)	(82.0, 0.0008900886836673743)	(83.0, 0.0008900886836673743)	(84.0, 0.0007595560476099187)	(85.0, 0.000629023411552463)	(86.0, 0.000629023411552463)	(87.0, 0.000629023411552463)	(88.0, 0.0004152376769071815)	(89.0, 0.00020145194226189991)	(90.0, 0.00020145194226189991)	(91.0, 0.00015931148495201272)	(92.0, 0.00011717102764212548)	(93.0, 0.00011717102764212548)	(94.0, 0.00011717102764212548)	(95.0, 0.00019836849416605452)	(96.0, 0.00027956596068998363)	(97.0, 0.00027956596068998363)	(98.0, 0.001454359685207084)	(99.0, 0.002629153409724184)	(100.0, 0.002629153409724184)
SRR18306568_2	(0.0, 0.04498182052059114)	(1.0, 0.042751684823839224)	(2.0, 0.0269956854703643)	(3.0, 0.01381925918815083)	(4.0, 0.014167048273157963)	(5.0, 0.013385759049018713)	(6.0, 0.012634139035922722)	(7.0, 0.01343191115508601)	(8.0, 0.014148917088631526)	(9.0, 0.01660486844721272)	(10.0, 0.01918114493946937)	(11.0, 0.024869392012263798)	(12.0, 0.030603791191125534)	(13.0, 0.037490344732167294)	(14.0, 0.04503456578466805)	(15.0, 0.060498817896217555)	(16.0, 0.0768745741025962)	(17.0, 0.10643664632820272)	(18.0, 0.13619816158360007)	(19.0, 0.189304401061538)	(20.0, 0.24615225770993182)	(21.0, 0.3122766876778525)	(22.0, 0.3760852708948963)	(23.0, 0.45669651729944116)	(24.0, 0.5405070936281512)	(25.0, 0.6243934912739718)	(26.0, 0.7263039346285747)	(27.0, 0.8396601002878671)	(28.0, 0.9623060255827058)	(29.0, 1.0637846170876788)	(30.0, 1.1639182043586906)	(31.0, 1.2892426000949349)	(32.0, 1.4091111575782236)	(33.0, 1.5509085586014884)	(34.0, 1.7239393974057968)	(35.0, 1.9071698516509779)	(36.0, 2.0643474420211696)	(37.0, 2.209047480858167)	(38.0, 2.3723072594922274)	(39.0, 2.5736178012892723)	(40.0, 2.7602354904618926)	(41.0, 2.846086649194578)	(42.0, 2.9579593543017078)	(43.0, 3.0389876179503608)	(44.0, 3.0893758280388353)	(45.0, 3.122068002029506)	(46.0, 3.1094750702311433)	(47.0, 3.0442984067271044)	(48.0, 3.028738553824416)	(49.0, 3.0782696533716405)	(50.0, 3.112811208184008)	(51.0, 3.078370199031287)	(52.0, 3.026915545634757)	(53.0, 3.0015879291408254)	(54.0, 2.9571879548145827)	(55.0, 2.859477353112104)	(56.0, 2.758321826349602)	(57.0, 2.6117625169538936)	(58.0, 2.441380479379948)	(59.0, 2.2893224762042212)	(60.0, 2.122599641325611)	(61.0, 1.8915176945361545)	(62.0, 1.6605247553798275)	(63.0, 1.4785568908934872)	(64.0, 1.3161130155631167)	(65.0, 1.211471356503031)	(66.0, 1.0891006955550941)	(67.0, 0.9440100121060271)	(68.0, 0.8216756135271428)	(69.0, 0.7212337961191815)	(70.0, 0.6134158831879647)	(71.0, 0.5064583773770024)	(72.0, 0.39475214950961574)	(73.0, 0.3042000691160754)	(74.0, 0.22639750802362604)	(75.0, 0.16946229203160482)	(76.0, 0.14107380193170957)	(77.0, 0.11845102851122175)	(78.0, 0.09583979311725072)	(79.0, 0.0772520323986466)	(80.0, 0.06062903276690744)	(81.0, 0.05143157734349599)	(82.0, 0.04314068114640645)	(83.0, 0.03757770407579468)	(84.0, 0.032105382927815104)	(85.0, 0.028662106157294226)	(86.0, 0.025296298993386306)	(87.0, 0.022274984335480714)	(88.0, 0.019583327578055823)	(89.0, 0.017376267934337553)	(90.0, 0.015160966843107268)	(91.0, 0.01424451787977093)	(92.0, 0.01336597957498987)	(93.0, 0.01276105732760779)	(94.0, 0.012161079948732922)	(95.0, 0.012063830868091116)	(96.0, 0.011966581787449311)	(97.0, 0.012798967986163071)	(98.0, 0.013631354184876833)	(99.0, 0.02982415025648868)	(100.0, 0.04601694632810053)
SRR18306569_1	(0.0, 9.632954987968525)	(1.0, 9.632954987968525)	(2.0, 4.816789960205849)	(3.0, 0.0006249324431744044)	(4.0, 0.0006249324431744044)	(5.0, 0.0007826922618910699)	(6.0, 0.0009404520806077357)	(7.0, 0.0009404520806077357)	(8.0, 0.0009404520806077357)	(9.0, 0.0014605505797317105)	(10.0, 0.0019806490788556856)	(11.0, 0.0019806490788556856)	(12.0, 0.0019806490788556856)	(13.0, 0.0027816618358235297)	(14.0, 0.0035826745927913734)	(15.0, 0.0035826745927913734)	(16.0, 0.0058299886555423265)	(17.0, 0.008077302718293279)	(18.0, 0.008077302718293279)	(19.0, 0.008077302718293279)	(20.0, 0.01785332245231633)	(21.0, 0.027629342186339383)	(22.0, 0.027629342186339383)	(23.0, 0.07219699987643843)	(24.0, 0.1167646575665375)	(25.0, 0.1167646575665375)	(26.0, 0.1167646575665375)	(27.0, 0.25473427037915897)	(28.0, 0.39270388319178035)	(29.0, 0.39270388319178035)	(30.0, 0.6912902941477621)	(31.0, 0.9898767051037439)	(32.0, 0.9898767051037439)	(33.0, 0.9898767051037439)	(34.0, 1.4497486122733882)	(35.0, 1.9096205194430325)	(36.0, 1.9096205194430325)	(37.0, 1.9096205194430325)	(38.0, 2.417889067773822)	(39.0, 2.926157616104611)	(40.0, 2.926157616104611)	(41.0, 3.276058715965355)	(42.0, 3.6259598158260986)	(43.0, 3.6259598158260986)	(44.0, 3.6259598158260986)	(45.0, 3.666581442437717)	(46.0, 3.7072030690493354)	(47.0, 3.7072030690493354)	(48.0, 3.4216954559676065)	(49.0, 3.136187842885877)	(50.0, 3.136187842885877)	(51.0, 3.136187842885877)	(52.0, 2.6759576682569537)	(53.0, 2.2157274936280302)	(54.0, 2.2157274936280302)	(55.0, 1.7576357278966788)	(56.0, 1.2995439621653277)	(57.0, 1.2995439621653277)	(58.0, 1.2995439621653277)	(59.0, 0.9665709997555231)	(60.0, 0.6335980373457185)	(61.0, 0.6335980373457185)	(62.0, 0.6335980373457185)	(63.0, 0.44369287440628874)	(64.0, 0.2537877114668589)	(65.0, 0.2537877114668589)	(66.0, 0.1689617836508309)	(67.0, 0.08413585583480288)	(68.0, 0.08413585583480288)	(69.0, 0.08413585583480288)	(70.0, 0.05347650732382146)	(71.0, 0.02281715881284006)	(72.0, 0.02281715881284006)	(73.0, 0.014189223436961518)	(74.0, 0.005561288061082974)	(75.0, 0.005561288061082974)	(76.0, 0.005561288061082974)	(77.0, 0.0036752948734572874)	(78.0, 0.0017893016858316008)	(79.0, 0.0017893016858316008)	(80.0, 0.0014351054476806355)	(81.0, 0.0010809092095296702)	(82.0, 0.0010809092095296702)	(83.0, 0.0010809092095296702)	(84.0, 0.0009506301334281656)	(85.0, 0.0008203510573266611)	(86.0, 0.0008203510573266611)	(87.0, 0.0008203510573266611)	(88.0, 0.0006198434167641894)	(89.0, 0.00041933577620171766)	(90.0, 0.00041933577620171766)	(91.0, 0.00027378962086956803)	(92.0, 0.00012824346553741848)	(93.0, 0.00012824346553741848)	(94.0, 0.00012824346553741848)	(95.0, 0.00019440080887021374)	(96.0, 0.000260558152203009)	(97.0, 0.000260558152203009)	(98.0, 0.0006096653639437593)	(99.0, 0.0009587725756845097)	(100.0, 0.0009587725756845097)
SRR18306569_2	(0.0, 0.029861393771984705)	(1.0, 0.026810615103577608)	(2.0, 0.0171277798649522)	(3.0, 0.011212305336162838)	(4.0, 0.011928887377591792)	(5.0, 0.011737907653566306)	(6.0, 0.011545295624207271)	(7.0, 0.01245285738966171)	(8.0, 0.013353889933781943)	(9.0, 0.015872537063451365)	(10.0, 0.01842709491045891)	(11.0, 0.023772894877838922)	(12.0, 0.029193780890562286)	(13.0, 0.035876438926120684)	(14.0, 0.04321528370576665)	(15.0, 0.058978456311870084)	(16.0, 0.07584343501812055)	(17.0, 0.10574400411811047)	(18.0, 0.13576699611811677)	(19.0, 0.1890225899305565)	(20.0, 0.24547750219675651)	(21.0, 0.3088941967105522)	(22.0, 0.3706328813414573)	(23.0, 0.45517160687140473)	(24.0, 0.5432328473111556)	(25.0, 0.625688751235492)	(26.0, 0.7249051663247313)	(27.0, 0.8395125884040245)	(28.0, 0.9650662500501117)	(29.0, 1.0672404024037458)	(30.0, 1.166228294746288)	(31.0, 1.2908221608562473)	(32.0, 1.4106953999415766)	(33.0, 1.5531809648125898)	(34.0, 1.7269953659504504)	(35.0, 1.9076507587412237)	(36.0, 2.0630250065259568)	(37.0, 2.210521748770972)	(38.0, 2.3784696445400497)	(39.0, 2.5844877976035407)	(40.0, 2.7734973290914287)	(41.0, 2.853858985272819)	(42.0, 2.958667678434805)	(43.0, 3.0395647307655995)	(44.0, 3.0931680056140856)	(45.0, 3.127701057250694)	(46.0, 3.1122431257419643)	(47.0, 3.045638538911743)	(48.0, 3.034303810675564)	(49.0, 3.0853965999210486)	(50.0, 3.115961517291794)	(51.0, 3.0824486564886553)	(52.0, 3.034478467346254)	(53.0, 3.0072026452226144)	(54.0, 2.959877216686966)	(55.0, 2.8583184434440807)	(56.0, 2.754570748748903)	(57.0, 2.6116248737738283)	(58.0, 2.4443396939701727)	(59.0, 2.292724645368608)	(60.0, 2.125279499642264)	(61.0, 1.8909604367056632)	(62.0, 1.6591877700894022)	(63.0, 1.4783560883226052)	(64.0, 1.31624694873164)	(65.0, 1.2115035477829965)	(66.0, 1.0882024674972097)	(67.0, 0.9417748852456704)	(68.0, 0.8171189915330365)	(69.0, 0.716436766254268)	(70.0, 0.6107254082428285)	(71.0, 0.5043807157619712)	(72.0, 0.39225929470567644)	(73.0, 0.3018916068296178)	(74.0, 0.22475701829265823)	(75.0, 0.16769325613704367)	(76.0, 0.139300937165255)	(77.0, 0.11712606920896264)	(78.0, 0.09469166470463566)	(79.0, 0.07652084173154428)	(80.0, 0.06015861306802756)	(81.0, 0.050790812758777525)	(82.0, 0.042263649696306325)	(83.0, 0.03694070200359603)	(84.0, 0.031991552232268954)	(85.0, 0.02811156245441787)	(86.0, 0.024200558875229324)	(87.0, 0.021701499409562515)	(88.0, 0.019468505713264545)	(89.0, 0.016907418644922793)	(90.0, 0.014370816156584308)	(91.0, 0.01346162208579632)	(92.0, 0.012588338732346454)	(93.0, 0.011935416598925996)	(94.0, 0.011285759076172639)	(95.0, 0.01123189300016545)	(96.0, 0.011178026924158263)	(97.0, 0.012320640657644067)	(98.0, 0.01346325439112987)	(99.0, 0.03114928268015656)	(100.0, 0.048835310969183254)
SRR18306570_1	(0.0, 9.629411699547678)	(1.0, 9.629411699547678)	(2.0, 4.814998699030023)	(3.0, 0.0005856985123689353)	(4.0, 0.0005856985123689353)	(5.0, 0.0007048932973422625)	(6.0, 0.0008240880823155896)	(7.0, 0.0008240880823155896)	(8.0, 0.0008240880823155896)	(9.0, 0.0013984836409370544)	(10.0, 0.0019728791995585193)	(11.0, 0.0019728791995585193)	(12.0, 0.0019728791995585193)	(13.0, 0.0028236833543681303)	(14.0, 0.0036744875091777414)	(15.0, 0.0036744875091777414)	(16.0, 0.00580663560245062)	(17.0, 0.007938783695723498)	(18.0, 0.007938783695723498)	(19.0, 0.007938783695723498)	(20.0, 0.017571982912317832)	(21.0, 0.02720518212891216)	(22.0, 0.02720518212891216)	(23.0, 0.07244063056753959)	(24.0, 0.11767607900616704)	(25.0, 0.11767607900616704)	(26.0, 0.11767607900616704)	(27.0, 0.2550223801566824)	(28.0, 0.3923686813071977)	(29.0, 0.3923686813071977)	(30.0, 0.6888657089283491)	(31.0, 0.9853627365495005)	(32.0, 0.9853627365495005)	(33.0, 0.9853627365495005)	(34.0, 1.4475888097223157)	(35.0, 1.9098148828951313)	(36.0, 1.9098148828951313)	(37.0, 1.9098148828951313)	(38.0, 2.4178384695701984)	(39.0, 2.9258620562452653)	(40.0, 2.9258620562452653)	(41.0, 3.274945562405899)	(42.0, 3.624029068566533)	(43.0, 3.624029068566533)	(44.0, 3.624029068566533)	(45.0, 3.6670326974106597)	(46.0, 3.710036326254787)	(47.0, 3.710036326254787)	(48.0, 3.423473567436412)	(49.0, 3.1369108086180377)	(50.0, 3.1369108086180377)	(51.0, 3.1369108086180377)	(52.0, 2.6770737688509376)	(53.0, 2.217236729083838)	(54.0, 2.217236729083838)	(55.0, 1.7602881077698413)	(56.0, 1.3033394864558452)	(57.0, 1.3033394864558452)	(58.0, 1.3033394864558452)	(59.0, 0.9682634226120769)	(60.0, 0.6331873587683086)	(61.0, 0.6331873587683086)	(62.0, 0.6331873587683086)	(63.0, 0.44402729009813785)	(64.0, 0.2548672214279671)	(65.0, 0.2548672214279671)	(66.0, 0.1694076432258408)	(67.0, 0.08394806502371452)	(68.0, 0.08394806502371452)	(69.0, 0.08394806502371452)	(70.0, 0.05356264272676402)	(71.0, 0.023177220429813516)	(72.0, 0.023177220429813516)	(73.0, 0.014483193915509023)	(74.0, 0.005789167401204529)	(75.0, 0.005789167401204529)	(76.0, 0.005789167401204529)	(77.0, 0.003747442937911416)	(78.0, 0.001705718474618303)	(79.0, 0.001705718474618303)	(80.0, 0.00132655575345315)	(81.0, 0.0009473930322879972)	(82.0, 0.0009473930322879972)	(83.0, 0.0009473930322879972)	(84.0, 0.000762435607329386)	(85.0, 0.0005774781823707748)	(86.0, 0.0005774781823707748)	(87.0, 0.0005774781823707748)	(88.0, 0.00037505255616607263)	(89.0, 0.0001726269299613704)	(90.0, 0.0001726269299613704)	(91.0, 0.00013358036247010805)	(92.0, 9.45337949788457e-05)	(93.0, 9.45337949788457e-05)	(94.0, 9.45337949788457e-05)	(95.0, 0.00014899348121665898)	(96.0, 0.00020345316745447228)	(97.0, 0.00020345316745447228)	(98.0, 0.0012083885097295929)	(99.0, 0.0022133238520047134)	(100.0, 0.0022133238520047134)
SRR18306570_2	(0.0, 0.030331546245077837)	(1.0, 0.027497130318666133)	(2.0, 0.017250387161440554)	(3.0, 0.010790555515199918)	(4.0, 0.011756234429663441)	(5.0, 0.011574963643671995)	(6.0, 0.011385453276499119)	(7.0, 0.012209411394642058)	(8.0, 0.013053144507620427)	(9.0, 0.01576067088383812)	(10.0, 0.018504451417254104)	(11.0, 0.02387830626378235)	(12.0, 0.029240625696656593)	(13.0, 0.03572517608644152)	(14.0, 0.042885372133103644)	(15.0, 0.059400788653160695)	(16.0, 0.07706809862238158)	(17.0, 0.10683111376594079)	(18.0, 0.136547987254884)	(19.0, 0.1883650653886571)	(20.0, 0.24387677172418312)	(21.0, 0.30946548584459727)	(22.0, 0.37299924841836296)	(23.0, 0.4551000832263616)	(24.0, 0.5403517338781388)	(25.0, 0.6228563081640276)	(26.0, 0.7223162926050616)	(27.0, 0.8397336202729028)	(28.0, 0.9681112388282814)	(29.0, 1.0685830438383952)	(30.0, 1.1665401286719363)	(31.0, 1.2915873085137812)	(32.0, 1.4109986148275284)	(33.0, 1.5527952152949829)	(34.0, 1.7271628801726275)	(35.0, 1.909775069980411)	(36.0, 2.067299383006978)	(37.0, 2.212258334731865)	(38.0, 2.3757349212038963)	(39.0, 2.5828334983666514)	(40.0, 2.773639127701248)	(41.0, 2.856043179096723)	(42.0, 2.9618591764611115)	(43.0, 3.040148381014581)	(44.0, 3.092720204784573)	(45.0, 3.12610039606678)	(46.0, 3.110334781434233)	(47.0, 3.0441231549765027)	(48.0, 3.0307470188865704)	(49.0, 3.0824948845384195)	(50.0, 3.115631184217656)	(51.0, 3.0800296018489357)	(52.0, 3.0272484927169354)	(53.0, 2.999242156281257)	(54.0, 2.9575317484246253)	(55.0, 2.861494486006357)	(56.0, 2.756513982173765)	(57.0, 2.6110408805831566)	(58.0, 2.4457779529109915)	(59.0, 2.2931693740172654)	(60.0, 2.121387289714353)	(61.0, 1.886310390691936)	(62.0, 1.655188490636606)	(63.0, 1.4737743359326028)	(64.0, 1.31157158871122)	(65.0, 1.2098589027751832)	(66.0, 1.0885805073657242)	(67.0, 0.9418599331842475)	(68.0, 0.8179234488856593)	(69.0, 0.7182574749150895)	(70.0, 0.6127809482953757)	(71.0, 0.5057570283297894)	(72.0, 0.39292749946376804)	(73.0, 0.3011781150923156)	(74.0, 0.22322178961857597)	(75.0, 0.16719428550109244)	(76.0, 0.13928847195582741)	(77.0, 0.1182050316287859)	(78.0, 0.09700458924896811)	(79.0, 0.07764486930508163)	(80.0, 0.06022309885506735)	(81.0, 0.05103596583777358)	(82.0, 0.04255084513713761)	(83.0, 0.03740275481498054)	(84.0, 0.03262379772975149)	(85.0, 0.028945648690361415)	(86.0, 0.025234541326245623)	(87.0, 0.022452858719395064)	(88.0, 0.02000075935980168)	(89.0, 0.017777720357052034)	(90.0, 0.015562920935483816)	(91.0, 0.014727427403686877)	(92.0, 0.013929835945324513)	(93.0, 0.013496433975181327)	(94.0, 0.013069623669983285)	(95.0, 0.013082806999873572)	(96.0, 0.013094342413527573)	(97.0, 0.014343462920632266)	(98.0, 0.01559258342773696)	(99.0, 0.0347347784284337)	(100.0, 0.05387697342913044)
SRR18306571_1	(0.0, 9.625491122587873)	(1.0, 9.625491122587873)	(2.0, 4.813037045424301)	(3.0, 0.0005829682607287683)	(4.0, 0.0005829682607287683)	(5.0, 0.0006821329648733527)	(6.0, 0.000781297669017937)	(7.0, 0.000781297669017937)	(8.0, 0.000781297669017937)	(9.0, 0.0013221960552611241)	(10.0, 0.001863094441504311)	(11.0, 0.001863094441504311)	(12.0, 0.001863094441504311)	(13.0, 0.0026128397046580624)	(14.0, 0.003362584967811813)	(15.0, 0.003362584967811813)	(16.0, 0.005272256770353732)	(17.0, 0.007181928572895651)	(18.0, 0.007181928572895651)	(19.0, 0.007181928572895651)	(20.0, 0.01707736405011129)	(21.0, 0.026972799527326927)	(22.0, 0.026972799527326927)	(23.0, 0.07191544544206642)	(24.0, 0.11685809135680589)	(25.0, 0.11685809135680589)	(26.0, 0.11685809135680589)	(27.0, 0.25622657055443243)	(28.0, 0.39559504975205895)	(29.0, 0.39559504975205895)	(30.0, 0.6925452588085339)	(31.0, 0.989495467865009)	(32.0, 0.989495467865009)	(33.0, 0.989495467865009)	(34.0, 1.4508742788528608)	(35.0, 1.9122530898407128)	(36.0, 1.9122530898407128)	(37.0, 1.9122530898407128)	(38.0, 2.419345326943701)	(39.0, 2.926437564046689)	(40.0, 2.926437564046689)	(41.0, 3.27369733300585)	(42.0, 3.6209571019650104)	(43.0, 3.6209571019650104)	(44.0, 3.6209571019650104)	(45.0, 3.665851668023195)	(46.0, 3.7107462340813795)	(47.0, 3.7107462340813795)	(48.0, 3.421281457692303)	(49.0, 3.131816681303227)	(50.0, 3.131816681303227)	(51.0, 3.131816681303227)	(52.0, 2.6752368409977656)	(53.0, 2.2186570006923048)	(54.0, 2.2186570006923048)	(55.0, 1.7614385997919737)	(56.0, 1.304220198891642)	(57.0, 1.304220198891642)	(58.0, 1.304220198891642)	(59.0, 0.9692403257957191)	(60.0, 0.6342604526997959)	(61.0, 0.6342604526997959)	(62.0, 0.6342604526997959)	(63.0, 0.44417824230531855)	(64.0, 0.25409603191084124)	(65.0, 0.25409603191084124)	(66.0, 0.16898416833995836)	(67.0, 0.08387230476907553)	(68.0, 0.08387230476907553)	(69.0, 0.08387230476907553)	(70.0, 0.05364359745566808)	(71.0, 0.023414890142260635)	(72.0, 0.023414890142260635)	(73.0, 0.01452011667959489)	(74.0, 0.005625343216929146)	(75.0, 0.005625343216929146)	(76.0, 0.005625343216929146)	(77.0, 0.0036916314861097517)	(78.0, 0.001757919755290358)	(79.0, 0.001757919755290358)	(80.0, 0.0014484056787178678)	(81.0, 0.0011388916021453773)	(82.0, 0.0011388916021453773)	(83.0, 0.0011388916021453773)	(84.0, 0.001128374133523982)	(85.0, 0.0011178566649025867)	(86.0, 0.0011178566649025867)	(87.0, 0.0011178566649025867)	(88.0, 0.0008233675435035182)	(89.0, 0.0005288784221044496)	(90.0, 0.0005288784221044496)	(91.0, 0.0003215340407112279)	(92.0, 0.00011418965931800617)	(93.0, 0.00011418965931800617)	(94.0, 0.00011418965931800617)	(95.0, 0.00021635935449727486)	(96.0, 0.00031852904967654354)	(97.0, 0.00031852904967654354)	(98.0, 0.0006866404514253791)	(99.0, 0.001054751853174215)	(100.0, 0.001054751853174215)
SRR18306571_2	(0.0, 0.04161202728785191)	(1.0, 0.03930613787763337)	(2.0, 0.024955168883629544)	(3.0, 0.01335825589367985)	(4.0, 0.013842564954760233)	(5.0, 0.013069116155721412)	(6.0, 0.012266753382886745)	(7.0, 0.013288380457006558)	(8.0, 0.01426663657043261)	(9.0, 0.016442413098569857)	(10.0, 0.018692884059013034)	(11.0, 0.024220272049651846)	(12.0, 0.029769345520637543)	(13.0, 0.036414740498048985)	(14.0, 0.043862498248295086)	(15.0, 0.06081572488392485)	(16.0, 0.07854240031859344)	(17.0, 0.10758889649433488)	(18.0, 0.13695585587964693)	(19.0, 0.19007082574261205)	(20.0, 0.24660005401130305)	(21.0, 0.3116275810781558)	(22.0, 0.3745853495207894)	(23.0, 0.4573660564982904)	(24.0, 0.5434525944797827)	(25.0, 0.625785134863448)	(26.0, 0.7260154250267407)	(27.0, 0.8402762209744664)	(28.0, 0.9637846695412298)	(29.0, 1.0674099421277177)	(30.0, 1.1697991423344334)	(31.0, 1.2931557925387682)	(32.0, 1.4107441049708327)	(33.0, 1.5523286061556307)	(34.0, 1.724730584411166)	(35.0, 1.9074958127746948)	(36.0, 2.066838312865774)	(37.0, 2.2136297388316404)	(38.0, 2.3785622738565824)	(39.0, 2.5843936248157457)	(40.0, 2.7738837615846244)	(41.0, 2.8563801478197997)	(42.0, 2.9632028240085444)	(43.0, 3.0412247727988126)	(44.0, 3.0912748614394183)	(45.0, 3.1229501197327654)	(46.0, 3.1081003846907835)	(47.0, 3.0458751035843115)	(48.0, 3.0355720909217254)	(49.0, 3.08451622006464)	(50.0, 3.114218099646421)	(51.0, 3.0804417592572424)	(52.0, 3.030777190267248)	(53.0, 3.001268070510773)	(54.0, 2.9540467323065274)	(55.0, 2.8542959322086827)	(56.0, 2.7521838242508436)	(57.0, 2.6092692802714366)	(58.0, 2.441320053980461)	(59.0, 2.288030212403979)	(60.0, 2.117854610130724)	(61.0, 1.885065797602569)	(62.0, 1.6550334505762845)	(63.0, 1.4746006160989538)	(64.0, 1.3140654145887962)	(65.0, 1.2103244861071247)	(66.0, 1.0883340211646433)	(67.0, 0.9443544791504227)	(68.0, 0.8217592302560448)	(69.0, 0.7193965345253086)	(70.0, 0.6113088719829955)	(71.0, 0.5042452460126184)	(72.0, 0.39131690235731775)	(73.0, 0.2996957478917376)	(74.0, 0.2217509030315916)	(75.0, 0.16598066657504149)	(76.0, 0.13861840937290795)	(77.0, 0.11677872116578059)	(78.0, 0.09468603568793957)	(79.0, 0.07612326451100783)	(80.0, 0.05957483350851989)	(81.0, 0.05025730545280922)	(82.0, 0.04168672172015784)	(83.0, 0.03594006942823388)	(84.0, 0.030403043446329787)	(85.0, 0.027041793992562943)	(86.0, 0.023829933403407957)	(87.0, 0.02106382991027223)	(88.0, 0.01849530523807477)	(89.0, 0.016271338753611114)	(90.0, 0.014085924234208584)	(91.0, 0.013322113426435044)	(92.0, 0.01260167357935527)	(93.0, 0.011654740937541383)	(94.0, 0.010707808295727497)	(95.0, 0.010830692684359834)	(96.0, 0.01095357707299217)	(97.0, 0.011922195195152937)	(98.0, 0.012890813317313708)	(99.0, 0.03043677641575827)	(100.0, 0.04798273951420283)
SRR18306572_1	(0.0, 9.616207528557814)	(1.0, 9.616207528557814)	(2.0, 4.808418697011243)	(3.0, 0.000629865464673405)	(4.0, 0.000629865464673405)	(5.0, 0.0007676485350707124)	(6.0, 0.0009054316054680196)	(7.0, 0.0009054316054680196)	(8.0, 0.0009054316054680196)	(9.0, 0.0013187808166599416)	(10.0, 0.0017321300278518635)	(11.0, 0.0017321300278518635)	(12.0, 0.0017321300278518635)	(13.0, 0.0026163642378741435)	(14.0, 0.0035005984478964232)	(15.0, 0.0035005984478964232)	(16.0, 0.005388680742241942)	(17.0, 0.007276763036587462)	(18.0, 0.007276763036587462)	(19.0, 0.007276763036587462)	(20.0, 0.01713355191885637)	(21.0, 0.026990340801125275)	(22.0, 0.026990340801125275)	(23.0, 0.0719273050464185)	(24.0, 0.11686426929171174)	(25.0, 0.11686426929171174)	(26.0, 0.11686426929171174)	(27.0, 0.2552015001699577)	(28.0, 0.39353873104820364)	(29.0, 0.39353873104820364)	(30.0, 0.6899434256656549)	(31.0, 0.9863481202831063)	(32.0, 0.9863481202831063)	(33.0, 0.9863481202831063)	(34.0, 1.4480864429786278)	(35.0, 1.909824765674149)	(36.0, 1.909824765674149)	(37.0, 1.909824765674149)	(38.0, 2.4152569767820387)	(39.0, 2.920689187889928)	(40.0, 2.920689187889928)	(41.0, 3.2731291973681924)	(42.0, 3.625569206846456)	(43.0, 3.625569206846456)	(44.0, 3.625569206846456)	(45.0, 3.668151746097598)	(46.0, 3.710734285348739)	(47.0, 3.710734285348739)	(48.0, 3.425979073628396)	(49.0, 3.141223861908053)	(50.0, 3.141223861908053)	(51.0, 3.141223861908053)	(52.0, 2.6812494653335524)	(53.0, 2.2212750687590517)	(54.0, 2.2212750687590517)	(55.0, 1.7629873792221615)	(56.0, 1.3046996896852716)	(57.0, 1.3046996896852716)	(58.0, 1.3046996896852716)	(59.0, 0.970045809085658)	(60.0, 0.6353919284860442)	(61.0, 0.6353919284860442)	(62.0, 0.6353919284860442)	(63.0, 0.4447713217408816)	(64.0, 0.2541507149957189)	(65.0, 0.2541507149957189)	(66.0, 0.16893415710449636)	(67.0, 0.0837175992132738)	(68.0, 0.0837175992132738)	(69.0, 0.0837175992132738)	(70.0, 0.05340835192521559)	(71.0, 0.023099104637157367)	(72.0, 0.023099104637157367)	(73.0, 0.014377890510910223)	(74.0, 0.005656676384663079)	(75.0, 0.005656676384663079)	(76.0, 0.005656676384663079)	(77.0, 0.0036398956179684266)	(78.0, 0.0016231148512737743)	(79.0, 0.0016231148512737743)	(80.0, 0.001286984723491332)	(81.0, 0.0009508545957088901)	(82.0, 0.0009508545957088901)	(83.0, 0.0009508545957088901)	(84.0, 0.0007585639370225381)	(85.0, 0.0005662732783361862)	(86.0, 0.0005662732783361862)	(87.0, 0.0005662732783361862)	(88.0, 0.00038458131737270396)	(89.0, 0.00020288935640922179)	(90.0, 0.00020288935640922179)	(91.0, 0.00015595226649365554)	(92.0, 0.00010901517657808932)	(93.0, 0.00010901517657808932)	(94.0, 0.00010901517657808932)	(95.0, 0.00020288935640922179)	(96.0, 0.0002967635362403543)	(97.0, 0.0002967635362403543)	(98.0, 0.0013369500127562897)	(99.0, 0.0023771364892722253)	(100.0, 0.0023771364892722253)
SRR18306572_2	(0.0, 0.04477432421987151)	(1.0, 0.042615501449968826)	(2.0, 0.02701078253051474)	(3.0, 0.014103984980421615)	(4.0, 0.014647940324019143)	(5.0, 0.013586741729590035)	(6.0, 0.012525543135160931)	(7.0, 0.013433754289203233)	(8.0, 0.01431282497840995)	(9.0, 0.017105452858486546)	(10.0, 0.020007357481696568)	(11.0, 0.025816023472255884)	(12.0, 0.03156155178900477)	(13.0, 0.03806716056354842)	(14.0, 0.04543969816695063)	(15.0, 0.062015765914257434)	(16.0, 0.07926692109692189)	(17.0, 0.10913104080925402)	(18.0, 0.1394492660986073)	(19.0, 0.19155241722462765)	(20.0, 0.24730541157130462)	(21.0, 0.31299773279898463)	(22.0, 0.3764729503270908)	(23.0, 0.4588287606965844)	(24.0, 0.5442297496413963)	(25.0, 0.62928833812439)	(26.0, 0.7320886129481139)	(27.0, 0.8425139760704816)	(28.0, 0.9621501544529629)	(29.0, 1.064343336259279)	(30.0, 1.1658662873743764)	(31.0, 1.291515115001266)	(32.0, 1.410796751061581)	(33.0, 1.5527059580667253)	(34.0, 1.7261572898843174)	(35.0, 1.9072409951167622)	(36.0, 2.062642237340781)	(37.0, 2.209077929883719)	(38.0, 2.3770557110563613)	(39.0, 2.581468786761759)	(40.0, 2.76633589567869)	(41.0, 2.848176891169422)	(42.0, 2.9575726245342655)	(43.0, 3.0393140567701424)	(44.0, 3.0927285288137636)	(45.0, 3.122327955970506)	(46.0, 3.103002971040376)	(47.0, 3.039746306998537)	(48.0, 3.0291173224497583)	(49.0, 3.084416211219414)	(50.0, 3.1232653075893837)	(51.0, 3.0853414209779437)	(52.0, 3.028597650826857)	(53.0, 3.0003071162156463)	(54.0, 2.956147170129392)	(55.0, 2.8585363264184713)	(56.0, 2.75413575440086)	(57.0, 2.607046829771191)	(58.0, 2.4390690485985487)	(59.0, 2.2903069756129035)	(60.0, 2.125316092085909)	(61.0, 1.8904827994642333)	(62.0, 1.6572012365950524)	(63.0, 1.4761879541526266)	(64.0, 1.3135210226962697)	(65.0, 1.2096206953250026)	(66.0, 1.0874832937108005)	(67.0, 0.9416328388366436)	(68.0, 0.8193230228054977)	(69.0, 0.7204907079435523)	(70.0, 0.6137661838553035)	(71.0, 0.5054437909452367)	(72.0, 0.3928474631926182)	(73.0, 0.3004819031521022)	(74.0, 0.22140196670454199)	(75.0, 0.16601808491244907)	(76.0, 0.1388227461046423)	(77.0, 0.11659099980716298)	(78.0, 0.09446610188074746)	(79.0, 0.07653743089065572)	(80.0, 0.06043246732485749)	(81.0, 0.05121679532060473)	(82.0, 0.04274906191379857)	(83.0, 0.03662956429832638)	(84.0, 0.030755332261887012)	(85.0, 0.02719533880780676)	(86.0, 0.023722766748233256)	(87.0, 0.021012703518524144)	(88.0, 0.018564904472335268)	(89.0, 0.016092821705450074)	(90.0, 0.013657164519609358)	(91.0, 0.012598394297249887)	(92.0, 0.011568764539725994)	(93.0, 0.010781971989165284)	(94.0, 0.009995179438604573)	(95.0, 0.00980333804510366)	(96.0, 0.009611496651602746)	(97.0, 0.01060470082808216)	(98.0, 0.011597905004561575)	(99.0, 0.026236131840302192)	(100.0, 0.040874358676042805)
SRR18306573_1	(0.0, 9.632981132407322)	(1.0, 9.632981132407322)	(2.0, 4.816841727153014)	(3.0, 0.0007023218987074441)	(4.0, 0.0007023218987074441)	(5.0, 0.0008448872413937842)	(6.0, 0.0009874525840801243)	(7.0, 0.0009874525840801243)	(8.0, 0.0009874525840801243)	(9.0, 0.0014751761248491828)	(10.0, 0.0019628996656182412)	(11.0, 0.0019628996656182412)	(12.0, 0.0019628996656182412)	(13.0, 0.0027387552673954815)	(14.0, 0.003514610869172722)	(15.0, 0.003514610869172722)	(16.0, 0.005501521539874979)	(17.0, 0.007488432210577235)	(18.0, 0.007488432210577235)	(19.0, 0.007488432210577235)	(20.0, 0.01729692778739744)	(21.0, 0.027105423364217635)	(22.0, 0.027105423364217635)	(23.0, 0.07258676905679565)	(24.0, 0.11806811474937365)	(25.0, 0.11806811474937365)	(26.0, 0.11806811474937365)	(27.0, 0.25587177498999003)	(28.0, 0.39367543523060644)	(29.0, 0.39367543523060644)	(30.0, 0.690687066056421)	(31.0, 0.9876986968822354)	(32.0, 0.9876986968822354)	(33.0, 0.9876986968822354)	(34.0, 1.447125268159782)	(35.0, 1.9065518394373284)	(36.0, 1.9065518394373284)	(37.0, 1.9065518394373284)	(38.0, 2.4160758721348548)	(39.0, 2.9255999048323815)	(40.0, 2.9255999048323815)	(41.0, 3.2775262049731566)	(42.0, 3.6294525051139317)	(43.0, 3.6294525051139317)	(44.0, 3.6294525051139317)	(45.0, 3.6681432384311865)	(46.0, 3.7068339717484413)	(47.0, 3.7068339717484413)	(48.0, 3.4204607168626633)	(49.0, 3.1340874619768853)	(50.0, 3.1340874619768853)	(51.0, 3.1340874619768853)	(52.0, 2.6772165620529687)	(53.0, 2.220345662129052)	(54.0, 2.220345662129052)	(55.0, 1.7605199078919838)	(56.0, 1.3006941536549155)	(57.0, 1.3006941536549155)	(58.0, 1.3006941536549155)	(59.0, 0.9670387276952581)	(60.0, 0.633383301735601)	(61.0, 0.633383301735601)	(62.0, 0.633383301735601)	(63.0, 0.44317412221130376)	(64.0, 0.2529649426870065)	(65.0, 0.2529649426870065)	(66.0, 0.16842819653746)	(67.0, 0.08389145038791354)	(68.0, 0.08389145038791354)	(69.0, 0.08389145038791354)	(70.0, 0.05341698287284503)	(71.0, 0.022942515357776506)	(72.0, 0.022942515357776506)	(73.0, 0.014223519136643492)	(74.0, 0.00550452291551048)	(75.0, 0.00550452291551048)	(76.0, 0.00550452291551048)	(77.0, 0.003594147323513523)	(78.0, 0.0016837717315165645)	(79.0, 0.0016837717315165645)	(80.0, 0.0013386135334338464)	(81.0, 0.0009934553353511282)	(82.0, 0.0009934553353511282)	(83.0, 0.0009934553353511282)	(84.0, 0.0009289257591878373)	(85.0, 0.0008643961830245466)	(86.0, 0.0008643961830245466)	(87.0, 0.0008643961830245466)	(88.0, 0.0006212847565488928)	(89.0, 0.0003781733300732391)	(90.0, 0.0003781733300732391)	(91.0, 0.0002506148655644085)	(92.0, 0.00012305640105557782)	(93.0, 0.00012305640105557782)	(94.0, 0.00012305640105557782)	(95.0, 0.00018008253813011388)	(96.0, 0.00023710867520464993)	(97.0, 0.00023710867520464993)	(98.0, 0.0006362916347264023)	(99.0, 0.0010354745942481548)	(100.0, 0.0010354745942481548)
SRR18306573_2	(0.0, 0.03011747282490126)	(1.0, 0.026918965442426133)	(2.0, 0.017263275737015884)	(3.0, 0.011609931988758485)	(4.0, 0.012408957158797418)	(5.0, 0.012105712666553728)	(6.0, 0.01180968828126822)	(7.0, 0.012798842934539308)	(8.0, 0.01376633726693585)	(9.0, 0.016192293204885383)	(10.0, 0.018714517235610694)	(11.0, 0.024293253211966865)	(12.0, 0.029869582486003642)	(13.0, 0.036540961315364856)	(14.0, 0.04392231732894742)	(15.0, 0.059724724758090916)	(16.0, 0.07654757397065763)	(17.0, 0.10608021813194606)	(18.0, 0.13558879527004053)	(19.0, 0.1889165052631812)	(20.0, 0.24603958481400678)	(21.0, 0.311136069148986)	(22.0, 0.37413872246609203)	(23.0, 0.45821446129181526)	(24.0, 0.5455416549510403)	(25.0, 0.6286426793374089)	(26.0, 0.7289395917958502)	(27.0, 0.8433686602737753)	(28.0, 0.967845710935172)	(29.0, 1.0690908641074548)	(30.0, 1.1689280964228919)	(31.0, 1.2937083915765324)	(32.0, 1.4136849089006613)	(33.0, 1.5575407266378218)	(34.0, 1.7322576882165759)	(35.0, 1.9122886485165531)	(36.0, 2.065978251930759)	(37.0, 2.2120578626110396)	(38.0, 2.3779831406170464)	(39.0, 2.5826130053235534)	(40.0, 2.7716209652748716)	(41.0, 2.8569096820695696)	(42.0, 2.9663039292953215)	(43.0, 3.0454651819848415)	(44.0, 3.0963982231701848)	(45.0, 3.129350791327333)	(46.0, 3.1146915674999014)	(47.0, 3.0464735902566678)	(48.0, 3.029169400580222)	(49.0, 3.0775368970930908)	(50.0, 3.1109804325233954)	(51.0, 3.0809135004472012)	(52.0, 3.031927481438248)	(53.0, 3.003696863231752)	(54.0, 2.9601933121063793)	(55.0, 2.858250215261472)	(56.0, 2.7501026398371664)	(57.0, 2.607279297395026)	(58.0, 2.4396524808492077)	(59.0, 2.283252930623364)	(60.0, 2.114605672294122)	(61.0, 1.8859208179052684)	(62.0, 1.658783473107785)	(63.0, 1.4769234190450682)	(64.0, 1.3131954602566684)	(65.0, 1.2101163999170073)	(66.0, 1.0868282602013914)	(67.0, 0.9413527318032787)	(68.0, 0.8201632365101748)	(69.0, 0.7198518838378171)	(70.0, 0.6125322140113828)	(71.0, 0.5050657353434657)	(72.0, 0.39413841874025934)	(73.0, 0.30343702842924336)	(74.0, 0.22248759591641337)	(75.0, 0.164334447772887)	(76.0, 0.13665737109985165)	(77.0, 0.11575756815823085)	(78.0, 0.09495162660706645)	(79.0, 0.07665346887271098)	(80.0, 0.059731944865049104)	(81.0, 0.04984039833233821)	(82.0, 0.04111850912685297)	(83.0, 0.03640859268779817)	(84.0, 0.03183826498326824)	(85.0, 0.027886459774822677)	(86.0, 0.023903367436224975)	(87.0, 0.02087814262074624)	(88.0, 0.018221143260134846)	(89.0, 0.016233207144315087)	(90.0, 0.01426693134936988)	(91.0, 0.013371638086555173)	(92.0, 0.012502818549253801)	(93.0, 0.011581051560925754)	(94.0, 0.0106616912749171)	(95.0, 0.01079887330712258)	(96.0, 0.010936055339328059)	(97.0, 0.011783214555754882)	(98.0, 0.012630373772181704)	(99.0, 0.029640945765661175)	(100.0, 0.04665151775914065)
SRR18306574_1	(0.0, 9.623157839831038)	(1.0, 9.623157839831038)	(2.0, 4.811882987872802)	(3.0, 0.00060813591456471)	(4.0, 0.00060813591456471)	(5.0, 0.0007594135052524487)	(6.0, 0.0009106910959401875)	(7.0, 0.0009106910959401875)	(8.0, 0.0009106910959401875)	(9.0, 0.001376626075258423)	(10.0, 0.0018425610545766582)	(11.0, 0.0018425610545766582)	(12.0, 0.0018425610545766582)	(13.0, 0.002648870612942306)	(14.0, 0.003455180171307954)	(15.0, 0.003455180171307954)	(16.0, 0.005433891057503577)	(17.0, 0.0074126019436992)	(18.0, 0.0074126019436992)	(19.0, 0.0074126019436992)	(20.0, 0.0171200849381314)	(21.0, 0.026827567932563596)	(22.0, 0.026827567932563596)	(23.0, 0.07210948915312444)	(24.0, 0.11739141037368529)	(25.0, 0.11739141037368529)	(26.0, 0.11739141037368529)	(27.0, 0.2557181265226468)	(28.0, 0.3940448426716083)	(29.0, 0.3940448426716083)	(30.0, 0.6922402038834652)	(31.0, 0.9904355650953222)	(32.0, 0.9904355650953222)	(33.0, 0.9904355650953222)	(34.0, 1.4493542897574603)	(35.0, 1.9082730144195985)	(36.0, 1.9082730144195985)	(37.0, 1.9082730144195985)	(38.0, 2.4158970721795607)	(39.0, 2.9235211299395236)	(40.0, 2.9235211299395236)	(41.0, 3.271902831862038)	(42.0, 3.620284533784552)	(43.0, 3.620284533784552)	(44.0, 3.620284533784552)	(45.0, 3.6652790275828058)	(46.0, 3.7102735213810605)	(47.0, 3.7102735213810605)	(48.0, 3.4247446328374878)	(49.0, 3.1392157442939155)	(50.0, 3.1392157442939155)	(51.0, 3.1392157442939155)	(52.0, 2.6812425045735755)	(53.0, 2.2232692648532355)	(54.0, 2.2232692648532355)	(55.0, 1.762737921074366)	(56.0, 1.3022065772954967)	(57.0, 1.3022065772954967)	(58.0, 1.3022065772954967)	(59.0, 0.9678437697020151)	(60.0, 0.6334809621085337)	(61.0, 0.6334809621085337)	(62.0, 0.6334809621085337)	(63.0, 0.44392862820089013)	(64.0, 0.25437629429324654)	(65.0, 0.25437629429324654)	(66.0, 0.16939156939668865)	(67.0, 0.08440684450013072)	(68.0, 0.08440684450013072)	(69.0, 0.08440684450013072)	(70.0, 0.053668750848289086)	(71.0, 0.022930657196447445)	(72.0, 0.022930657196447445)	(73.0, 0.014233708507809341)	(74.0, 0.00553675981917124)	(75.0, 0.00553675981917124)	(76.0, 0.00553675981917124)	(77.0, 0.0036533538151088917)	(78.0, 0.0017699478110465437)	(79.0, 0.0017699478110465437)	(80.0, 0.001310063935355818)	(81.0, 0.000850180059665092)	(82.0, 0.000850180059665092)	(83.0, 0.000850180059665092)	(84.0, 0.0007200813316736367)	(85.0, 0.0005899826036821812)	(86.0, 0.0005899826036821812)	(87.0, 0.0005899826036821812)	(88.0, 0.0003902961839743661)	(89.0, 0.00019060976426655087)	(90.0, 0.00019060976426655087)	(91.0, 0.00014220093524647446)	(92.0, 9.379210622639805e-05)	(93.0, 9.379210622639805e-05)	(94.0, 9.379210622639805e-05)	(95.0, 0.00016640534975651266)	(96.0, 0.00023901859328662726)	(97.0, 0.00023901859328662726)	(98.0, 0.0012919106244732891)	(99.0, 0.0023448026556599512)	(100.0, 0.0023448026556599512)
SRR18306574_2	(0.0, 0.031063306139677983)	(1.0, 0.028198126152880133)	(2.0, 0.017797595582683356)	(3.0, 0.01093426435266547)	(4.0, 0.011608709768694093)	(5.0, 0.011703326211949907)	(6.0, 0.01178823840461538)	(7.0, 0.012647064581860459)	(8.0, 0.01350103863381037)	(9.0, 0.01591011884286225)	(10.0, 0.018379850618103752)	(11.0, 0.023729318756028614)	(12.0, 0.029115177833667252)	(13.0, 0.03618229832608228)	(14.0, 0.04400877642719139)	(15.0, 0.059998955337423956)	(16.0, 0.0767970131093023)	(17.0, 0.10644592472543823)	(18.0, 0.13644176330017885)	(19.0, 0.1902566849489087)	(20.0, 0.2477737781978532)	(21.0, 0.3134254595041502)	(22.0, 0.37670687760375654)	(23.0, 0.45796299385932004)	(24.0, 0.5428339434597852)	(25.0, 0.6264336362329157)	(26.0, 0.7272607998665472)	(27.0, 0.8416811925145972)	(28.0, 0.9655656555508763)	(29.0, 1.0682123661701963)	(30.0, 1.1700317894266903)	(31.0, 1.2944936553730944)	(32.0, 1.4133852814806436)	(33.0, 1.5555210138147042)	(34.0, 1.727853947923255)	(35.0, 1.9088406474957416)	(36.0, 2.067194608628908)	(37.0, 2.2158176324826107)	(38.0, 2.3813478869273337)	(39.0, 2.5842661928339883)	(40.0, 2.7717838530537735)	(41.0, 2.855575204776063)	(42.0, 2.962321961269802)	(43.0, 3.0411811276295517)	(44.0, 3.096245471541788)	(45.0, 3.129620815384614)	(46.0, 3.1092467412701956)	(47.0, 3.0424281238304105)	(48.0, 3.0339757215662244)	(49.0, 3.084180661995348)	(50.0, 3.1100716025703745)	(51.0, 3.075017423375419)	(52.0, 3.032180435207011)	(53.0, 3.0078640092902673)	(54.0, 2.9590467766955624)	(55.0, 2.859956673917602)	(56.0, 2.757991686902253)	(57.0, 2.61007222121635)	(58.0, 2.4390251003110186)	(59.0, 2.286304456645545)	(60.0, 2.115834738650339)	(61.0, 1.8828186995377454)	(62.0, 1.6535436490277273)	(63.0, 1.4735079660130943)	(64.0, 1.3140622766885146)	(65.0, 1.2116945632736669)	(66.0, 1.0873806871487652)	(67.0, 0.9400483286235775)	(68.0, 0.818791291434633)	(69.0, 0.7190995251200714)	(70.0, 0.6110135820448657)	(71.0, 0.5036603098892306)	(72.0, 0.391692666577889)	(73.0, 0.3009749059967441)	(74.0, 0.22337729221373875)	(75.0, 0.16688642346472266)	(76.0, 0.13910800614987473)	(77.0, 0.11745782308282644)	(78.0, 0.09518899404064397)	(79.0, 0.07676304823223612)	(80.0, 0.060384699298389966)	(81.0, 0.05052518069860463)	(82.0, 0.04171372116257602)	(83.0, 0.03673544060973165)	(84.0, 0.03190514987838997)	(85.0, 0.02795794595076922)	(86.0, 0.02399618564726296)	(87.0, 0.02114070991105545)	(88.0, 0.018590918068443645)	(89.0, 0.016613677010661892)	(90.0, 0.014655844454060818)	(91.0, 0.013731514585330944)	(92.0, 0.012841149593667257)	(93.0, 0.012006584042898028)	(94.0, 0.011179296680071553)	(95.0, 0.011033732921216455)	(96.0, 0.010888169162361355)	(97.0, 0.012057531358497312)	(98.0, 0.013226893554633268)	(99.0, 0.030643597301645786)	(100.0, 0.048060301048658306)
SRR18306575_1	(0.0, 9.620174868001273)	(1.0, 9.620174868001273)	(2.0, 4.810404362575033)	(3.0, 0.0006338571487941834)	(4.0, 0.0006338571487941834)	(5.0, 0.0007402711226793382)	(6.0, 0.0008466850965644931)	(7.0, 0.0008466850965644931)	(8.0, 0.0008466850965644931)	(9.0, 0.001362561535181657)	(10.0, 0.0018784379737988208)	(11.0, 0.0018784379737988208)	(12.0, 0.0018784379737988208)	(13.0, 0.002662662694387245)	(14.0, 0.0034468874149756685)	(15.0, 0.0034468874149756685)	(16.0, 0.005459499529760119)	(17.0, 0.00747211164454457)	(18.0, 0.00747211164454457)	(19.0, 0.00747211164454457)	(20.0, 0.017168506678014714)	(21.0, 0.026864901711484857)	(22.0, 0.026864901711484857)	(23.0, 0.07178779212182883)	(24.0, 0.11671068253217279)	(25.0, 0.11671068253217279)	(26.0, 0.11671068253217279)	(27.0, 0.255469877783898)	(28.0, 0.3942290730356232)	(29.0, 0.3942290730356232)	(30.0, 0.6900402569846577)	(31.0, 0.9858514409336919)	(32.0, 0.9858514409336919)	(33.0, 0.9858514409336919)	(34.0, 1.4479413991200558)	(35.0, 1.9100313573064198)	(36.0, 1.9100313573064198)	(37.0, 1.9100313573064198)	(38.0, 2.4173819546028503)	(39.0, 2.9247325518992806)	(40.0, 2.9247325518992806)	(41.0, 3.2746355781172203)	(42.0, 3.62453860433516)	(43.0, 3.62453860433516)	(44.0, 3.62453860433516)	(45.0, 3.6666033542077834)	(46.0, 3.7086681040804077)	(47.0, 3.7086681040804077)	(48.0, 3.4246873780106926)	(49.0, 3.1407066519409774)	(50.0, 3.1407066519409774)	(51.0, 3.1407066519409774)	(52.0, 2.6812631630181922)	(53.0, 2.2218196740954066)	(54.0, 2.2218196740954066)	(55.0, 1.762489539188282)	(56.0, 1.3031594042811567)	(57.0, 1.3031594042811567)	(58.0, 1.3031594042811567)	(59.0, 0.9691444470337226)	(60.0, 0.6351294897862885)	(61.0, 0.6351294897862885)	(62.0, 0.6351294897862885)	(63.0, 0.44415804691308625)	(64.0, 0.2531866040398839)	(65.0, 0.2531866040398839)	(66.0, 0.168160682232016)	(67.0, 0.08313476042414807)	(68.0, 0.08313476042414807)	(69.0, 0.08313476042414807)	(70.0, 0.05297680889036932)	(71.0, 0.0228188573565906)	(72.0, 0.0228188573565906)	(73.0, 0.01427335258416099)	(74.0, 0.0057278478117313795)	(75.0, 0.0057278478117313795)	(76.0, 0.0057278478117313795)	(77.0, 0.0037244890859804204)	(78.0, 0.0017211303602294612)	(79.0, 0.0017211303602294612)	(80.0, 0.0014331186265620314)	(81.0, 0.0011451068928946013)	(82.0, 0.0011451068928946013)	(83.0, 0.0011451068928946013)	(84.0, 0.0011312268093443638)	(85.0, 0.0011173467257941262)	(86.0, 0.0011173467257941262)	(87.0, 0.0011173467257941262)	(88.0, 0.0008189249294640179)	(89.0, 0.0005205031331339097)	(90.0, 0.0005205031331339097)	(91.0, 0.0003157719007679052)	(92.0, 0.00011104066840190073)	(93.0, 0.00011104066840190073)	(94.0, 0.00011104066840190073)	(95.0, 0.00018622445429902103)	(96.0, 0.00026140824019614127)	(97.0, 0.00026140824019614127)	(98.0, 0.0006523639268611668)	(99.0, 0.0010433196135261923)	(100.0, 0.0010433196135261923)
SRR18306575_2	(0.0, 0.04158680079686825)	(1.0, 0.03934959490155988)	(2.0, 0.024854133155341282)	(3.0, 0.013300801218375652)	(4.0, 0.014046536516811777)	(5.0, 0.013389844239084445)	(6.0, 0.012710891206179912)	(7.0, 0.0131802221278325)	(8.0, 0.013573495469296325)	(9.0, 0.01631342341902308)	(10.0, 0.01916836527049869)	(11.0, 0.02450538132423185)	(12.0, 0.029821991685719244)	(13.0, 0.03629987144228379)	(14.0, 0.04354018206366735)	(15.0, 0.059784968154227416)	(16.0, 0.07689977875962961)	(17.0, 0.10660490148066858)	(18.0, 0.13657344313797104)	(19.0, 0.18936111391483262)	(20.0, 0.24581253398127467)	(21.0, 0.3103872746244624)	(22.0, 0.3726264910369759)	(23.0, 0.4543754042993718)	(24.0, 0.5401127028643489)	(25.0, 0.62458670357302)	(26.0, 0.726490875585437)	(27.0, 0.8432633769932906)	(28.0, 0.9696617999523508)	(29.0, 1.0712097998819325)	(30.0, 1.1690606593891681)	(31.0, 1.2913037413818182)	(32.0, 1.4109905466549533)	(33.0, 1.554744938400502)	(34.0, 1.728553204698199)	(35.0, 1.910965252871883)	(36.0, 2.068736500127341)	(37.0, 2.2110086965906746)	(38.0, 2.371503176229476)	(39.0, 2.581299663396976)	(40.0, 2.7754190137309345)	(41.0, 2.855735818410264)	(42.0, 2.961624665599399)	(43.0, 3.0432919560928124)	(44.0, 3.096482175525795)	(45.0, 3.1306097682753706)	(46.0, 3.1168971430862165)	(47.0, 3.0508958590487567)	(48.0, 3.035606430367885)	(49.0, 3.0860437364106206)	(50.0, 3.1193532464074343)	(51.0, 3.082311349792577)	(52.0, 3.030052371951174)	(53.0, 3.003521261905817)	(54.0, 2.9581686833581395)	(55.0, 2.8562014392060537)	(56.0, 2.749950854745289)	(57.0, 2.6066899097395013)	(58.0, 2.440854703921104)	(59.0, 2.288199720230539)	(60.0, 2.1193147909528656)	(61.0, 1.886947753098618)	(62.0, 1.653975964728724)	(63.0, 1.4716269886947086)	(64.0, 1.3130562093158031)	(65.0, 1.2108311114162484)	(66.0, 1.0864138956679588)	(67.0, 0.9372223144703795)	(68.0, 0.8128551854212385)	(69.0, 0.7147279215372194)	(70.0, 0.6099966336172984)	(71.0, 0.5034603694650929)	(72.0, 0.39091555647797527)	(73.0, 0.29922907109189206)	(74.0, 0.22088790843453893)	(75.0, 0.16522303505102454)	(76.0, 0.1384118105030213)	(77.0, 0.11691905137943684)	(78.0, 0.09489945438332541)	(79.0, 0.0764397231526342)	(80.0, 0.05979980865767888)	(81.0, 0.04995498968056317)	(82.0, 0.04115086100798146)	(83.0, 0.03615146640776914)	(84.0, 0.03125966545757993)	(85.0, 0.02748275732918205)	(86.0, 0.023813442850807286)	(87.0, 0.02060232891649651)	(88.0, 0.01763608328913491)	(89.0, 0.015638180511981417)	(90.0, 0.013692219496908048)	(91.0, 0.012861151303625997)	(92.0, 0.012069039431904044)	(93.0, 0.011549621811102763)	(94.0, 0.011030204190301481)	(95.0, 0.010507076443637336)	(96.0, 0.009983948696973189)	(97.0, 0.011369680706753748)	(98.0, 0.012755412716534308)	(99.0, 0.03020784477545734)	(100.0, 0.04766027683438037)
SRR18306576_1	(0.0, 9.59438151088335)	(1.0, 9.59438151088335)	(2.0, 4.79755214713328)	(3.0, 0.00072278338321002)	(4.0, 0.00072278338321002)	(5.0, 0.0008647586906262739)	(6.0, 0.0010067339980425279)	(7.0, 0.0010067339980425279)	(8.0, 0.0010067339980425279)	(9.0, 0.0014267029143857125)	(10.0, 0.0018466718307288974)	(11.0, 0.0018466718307288974)	(12.0, 0.0018466718307288974)	(13.0, 0.002642924953441035)	(14.0, 0.0034391780761531725)	(15.0, 0.0034391780761531725)	(16.0, 0.005435767888839093)	(17.0, 0.007432357701525013)	(18.0, 0.007432357701525013)	(19.0, 0.007432357701525013)	(20.0, 0.017091642777418262)	(21.0, 0.026750927853311512)	(22.0, 0.026750927853311512)	(23.0, 0.07200630171798064)	(24.0, 0.11726167558264977)	(25.0, 0.11726167558264977)	(26.0, 0.11726167558264977)	(27.0, 0.2558990740231454)	(28.0, 0.3945364724636409)	(29.0, 0.3945364724636409)	(30.0, 0.6957941751204854)	(31.0, 0.9970518777773298)	(32.0, 0.9970518777773298)	(33.0, 0.9970518777773298)	(34.0, 1.4618075501872785)	(35.0, 1.9265632225972267)	(36.0, 1.9265632225972267)	(37.0, 1.9265632225972267)	(38.0, 2.435880277683845)	(39.0, 2.945197332770462)	(40.0, 2.945197332770462)	(41.0, 3.295129730681777)	(42.0, 3.645062128593092)	(43.0, 3.645062128593092)	(44.0, 3.645062128593092)	(45.0, 3.6826289935022967)	(46.0, 3.7201958584115005)	(47.0, 3.7201958584115005)	(48.0, 3.4276075850159065)	(49.0, 3.1350193116203116)	(50.0, 3.1350193116203116)	(51.0, 3.1350193116203116)	(52.0, 2.6715463811486972)	(53.0, 2.208073450677083)	(54.0, 2.208073450677083)	(55.0, 1.7482571289971758)	(56.0, 1.2884408073172684)	(57.0, 1.2884408073172684)	(58.0, 1.2884408073172684)	(59.0, 0.9536262975599905)	(60.0, 0.6188117878027126)	(61.0, 0.6188117878027126)	(62.0, 0.6188117878027126)	(63.0, 0.43255408415303387)	(64.0, 0.2462963805033551)	(65.0, 0.2462963805033551)	(66.0, 0.16297772457068355)	(67.0, 0.079659068638012)	(68.0, 0.079659068638012)	(69.0, 0.079659068638012)	(70.0, 0.05063057886013486)	(71.0, 0.021602089082257716)	(72.0, 0.021602089082257716)	(73.0, 0.013484675701591335)	(74.0, 0.005367262320924956)	(75.0, 0.005367262320924956)	(76.0, 0.005367262320924956)	(77.0, 0.0034808771174922115)	(78.0, 0.0015944919140594672)	(79.0, 0.0015944919140594672)	(80.0, 0.0013591901807891724)	(81.0, 0.0011238884475188774)	(82.0, 0.0011238884475188774)	(83.0, 0.0011238884475188774)	(84.0, 0.001122895613201281)	(85.0, 0.001121902778883685)	(86.0, 0.001121902778883685)	(87.0, 0.001121902778883685)	(88.0, 0.0008478805072271388)	(89.0, 0.0005738582355705929)	(90.0, 0.0005738582355705929)	(91.0, 0.0003554346856994329)	(92.0, 0.00013701113582827303)	(93.0, 0.00013701113582827303)	(94.0, 0.00013701113582827303)	(95.0, 0.00022239488714154463)	(96.0, 0.00030777863845481623)	(97.0, 0.00030777863845481623)	(98.0, 0.0006642061584718453)	(99.0, 0.0010206336784888744)	(100.0, 0.0010206336784888744)
SRR18306577_1	(0.0, 9.586767222657539)	(1.0, 9.586767222657539)	(2.0, 4.793736445457235)	(3.0, 0.000705668256931083)	(4.0, 0.000705668256931083)	(5.0, 0.0008897165936624724)	(6.0, 0.0010737649303938618)	(7.0, 0.0010737649303938618)	(8.0, 0.0010737649303938618)	(9.0, 0.0017399301296850368)	(10.0, 0.0024060953289762117)	(11.0, 0.0024060953289762117)	(12.0, 0.0024060953289762117)	(13.0, 0.0033451907446885695)	(14.0, 0.004284286160400926)	(15.0, 0.004284286160400926)	(16.0, 0.006600601812922802)	(17.0, 0.008916917465444677)	(18.0, 0.008916917465444677)	(19.0, 0.008916917465444677)	(20.0, 0.0186732749057374)	(21.0, 0.02842963234603012)	(22.0, 0.02842963234603012)	(23.0, 0.07366153114048928)	(24.0, 0.11889342993494842)	(25.0, 0.11889342993494842)	(26.0, 0.11889342993494842)	(27.0, 0.2576326573501279)	(28.0, 0.3963718847653073)	(29.0, 0.3963718847653073)	(30.0, 0.6961453266495716)	(31.0, 0.9959187685338359)	(32.0, 0.9959187685338359)	(33.0, 0.9959187685338359)	(34.0, 1.4635730230135926)	(35.0, 1.9312272774933494)	(36.0, 1.9312272774933494)	(37.0, 1.9312272774933494)	(38.0, 2.4365934850677498)	(39.0, 2.9419596926421505)	(40.0, 2.9419596926421505)	(41.0, 3.2915806064873916)	(42.0, 3.641201520332632)	(43.0, 3.641201520332632)	(44.0, 3.641201520332632)	(45.0, 3.6796523601644955)	(46.0, 3.7181031999963587)	(47.0, 3.7181031999963587)	(48.0, 3.4277431571883317)	(49.0, 3.137383114380304)	(50.0, 3.137383114380304)	(51.0, 3.137383114380304)	(52.0, 2.6733092733975465)	(53.0, 2.209235432414789)	(54.0, 2.209235432414789)	(55.0, 1.7475335704839545)	(56.0, 1.2858317085531203)	(57.0, 1.2858317085531203)	(58.0, 1.2858317085531203)	(59.0, 0.9528900629995661)	(60.0, 0.6199484174460119)	(61.0, 0.6199484174460119)	(62.0, 0.6199484174460119)	(63.0, 0.432782930348128)	(64.0, 0.24561744325024407)	(65.0, 0.24561744325024407)	(66.0, 0.16297076209020483)	(67.0, 0.08032408093016558)	(68.0, 0.08032408093016558)	(69.0, 0.08032408093016558)	(70.0, 0.051029870299880195)	(71.0, 0.021735659669594808)	(72.0, 0.021735659669594808)	(73.0, 0.013633043869590961)	(74.0, 0.005530428069587114)	(75.0, 0.005530428069587114)	(76.0, 0.005530428069587114)	(77.0, 0.0036037562128770576)	(78.0, 0.0016770843561670014)	(79.0, 0.0016770843561670014)	(80.0, 0.0012667912347706848)	(81.0, 0.000856498113374368)	(82.0, 0.000856498113374368)	(83.0, 0.000856498113374368)	(84.0, 0.0007442735178064476)	(85.0, 0.0006320489222385273)	(86.0, 0.0006320489222385273)	(87.0, 0.0006320489222385273)	(88.0, 0.0004201688858062937)	(89.0, 0.00020828884937406012)	(90.0, 0.00020828884937406012)	(91.0, 0.00016968358849869553)	(92.0, 0.00013107832762333094)	(93.0, 0.00013107832762333094)	(94.0, 0.00013107832762333094)	(95.0, 0.00018943511731864954)	(96.0, 0.0002477919070139681)	(97.0, 0.0002477919070139681)	(98.0, 0.0013745268465158882)	(99.0, 0.0025012617860178084)	(100.0, 0.0025012617860178084)
SRR18306577_2	(0.0, 0.04603709087400924)	(1.0, 0.043687143035075704)	(2.0, 0.027878272125975635)	(3.0, 0.015012595691618304)	(4.0, 0.01560728224644646)	(5.0, 0.014796607838775148)	(6.0, 0.014007532216388152)	(7.0, 0.014629577232576442)	(8.0, 0.015204104921139234)	(9.0, 0.017558372517129637)	(10.0, 0.019971676792897165)	(11.0, 0.025528324287042096)	(12.0, 0.031108010485490296)	(13.0, 0.038284566875958895)	(14.0, 0.04617964285688573)	(15.0, 0.06224625927037864)	(16.0, 0.07933521818732915)	(17.0, 0.10778945792088654)	(18.0, 0.13610978518568115)	(19.0, 0.18426499693657228)	(20.0, 0.23576802040653233)	(21.0, 0.2991230173215058)	(22.0, 0.3616313418533342)	(23.0, 0.445204241713446)	(24.0, 0.5305540016429476)	(25.0, 0.6092714945711454)	(26.0, 0.7052665758077766)	(27.0, 0.8181187889993067)	(28.0, 0.941629282769137)	(29.0, 1.0512575172772285)	(30.0, 1.160266586607169)	(31.0, 1.2845992741368226)	(32.0, 1.400406201155247)	(33.0, 1.531221404108233)	(34.0, 1.6894785837244513)	(35.0, 1.85912408286158)	(36.0, 2.020065271529129)	(37.0, 2.1883154891368912)	(38.0, 2.3591186831652586)	(39.0, 2.523226253755489)	(40.0, 2.676823855426371)	(41.0, 2.769635275712094)	(42.0, 2.8819000019438907)	(43.0, 2.957946445091928)	(44.0, 3.0189342151397405)	(45.0, 3.060484518350688)	(46.0, 3.046844165484133)	(47.0, 2.991112099855504)	(48.0, 2.9830010360217343)	(49.0, 3.0355408011853413)	(50.0, 3.0909604043868573)	(51.0, 3.101705080106295)	(52.0, 3.08374065042582)	(53.0, 3.069511370680513)	(54.0, 3.025775270398793)	(55.0, 2.903040892980179)	(56.0, 2.79331330405978)	(57.0, 2.659279882099431)	(58.0, 2.4971046828326378)	(59.0, 2.353933534778004)	(60.0, 2.1974244168507964)	(61.0, 1.9879752362727119)	(62.0, 1.772426558730337)	(63.0, 1.5807589381173204)	(64.0, 1.405047060153337)	(65.0, 1.2860723112932129)	(66.0, 1.1520619280371671)	(67.0, 0.9997372147790408)	(68.0, 0.8614257934133784)	(69.0, 0.7377381896042167)	(70.0, 0.6085313761954028)	(71.0, 0.5009521464512836)	(72.0, 0.397361492389668)	(73.0, 0.3025197862872192)	(74.0, 0.2231212116630561)	(75.0, 0.17076287629583714)	(76.0, 0.14127909446372738)	(77.0, 0.1123727201582183)	(78.0, 0.08605676016780817)	(79.0, 0.0710024068246402)	(80.0, 0.058020096949747545)	(81.0, 0.048340961304336245)	(82.0, 0.03914995820635047)	(83.0, 0.033783380022707525)	(84.0, 0.028638549367983546)	(85.0, 0.024655733361555743)	(86.0, 0.02085722698955411)	(87.0, 0.01821065583271597)	(88.0, 0.015775752771664122)	(89.0, 0.013492041207602485)	(90.0, 0.011244327619014706)	(91.0, 0.010458131834665619)	(92.0, 0.00971801345892307)	(93.0, 0.00892461807947921)	(94.0, 0.00812834286199744)	(95.0, 0.007978591284026186)	(96.0, 0.007830279625073886)	(97.0, 0.008331371443670008)	(98.0, 0.008832463262266131)	(99.0, 0.020788110876644297)	(100.0, 0.032743758491022464)
SRR18306578_2	(0.0, 0.030611134694025596)	(1.0, 0.027491564935733653)	(2.0, 0.01782346505868719)	(3.0, 0.012173165720428066)	(4.0, 0.013069970737779817)	(5.0, 0.01278054081962019)	(6.0, 0.012509645822327928)	(7.0, 0.013514808838596584)	(8.0, 0.014508565749716092)	(9.0, 0.016908125120468076)	(10.0, 0.019356160438103936)	(11.0, 0.024791169541672896)	(12.0, 0.030250416618683797)	(13.0, 0.03685455150004042)	(14.0, 0.044278500188992036)	(15.0, 0.06025275045037363)	(16.0, 0.07699406128303542)	(17.0, 0.10558488960251819)	(18.0, 0.13433255186780177)	(19.0, 0.18179335539340605)	(20.0, 0.23260897959600343)	(21.0, 0.29764088810387007)	(22.0, 0.3615849393331367)	(23.0, 0.4442079135072765)	(24.0, 0.5283735634028387)	(25.0, 0.6072054333780305)	(26.0, 0.7037695195707164)	(27.0, 0.8161339129212594)	(28.0, 0.9395394160561775)	(29.0, 1.0523785885335537)	(30.0, 1.1645077309653955)	(31.0, 1.2885548275149532)	(32.0, 1.4031904615533202)	(33.0, 1.534420552820554)	(34.0, 1.694620725403479)	(35.0, 1.862326115174544)	(36.0, 2.019984152072353)	(37.0, 2.1874043892146893)	(38.0, 2.3552266915635327)	(39.0, 2.520389945649481)	(40.0, 2.6797503437408006)	(41.0, 2.77531782149608)	(42.0, 2.8882510943409363)	(43.0, 2.965185273571939)	(44.0, 3.026906560060265)	(45.0, 3.0699047249462654)	(46.0, 3.055612875194383)	(47.0, 2.9955041268215172)	(48.0, 2.987348761639877)	(49.0, 3.0410658138397886)	(50.0, 3.0930847821356213)	(51.0, 3.1026388209611766)	(52.0, 3.086386546886784)	(53.0, 3.0729515807842316)	(54.0, 3.028978193907979)	(55.0, 2.904822739359505)	(56.0, 2.79331095236886)	(57.0, 2.655369793984497)	(58.0, 2.4927358437153724)	(59.0, 2.353651223289807)	(60.0, 2.197692696059221)	(61.0, 1.98661131416909)	(62.0, 1.769118275421995)	(63.0, 1.576094183746109)	(64.0, 1.3999782171906914)	(65.0, 1.2847252277111267)	(66.0, 1.1554413031349666)	(67.0, 1.0009384800740404)	(68.0, 0.8602085289807104)	(69.0, 0.7392168428479807)	(70.0, 0.6119817399092362)	(71.0, 0.5042767405121201)	(72.0, 0.4003200724196428)	(73.0, 0.3039342066199124)	(74.0, 0.22315331842735986)	(75.0, 0.17025750579818663)	(76.0, 0.14049327441148524)	(77.0, 0.11090298612830837)	(78.0, 0.08398600373946306)	(79.0, 0.06958579598866388)	(80.0, 0.05726862819072781)	(81.0, 0.04774025310175841)	(82.0, 0.03859113100899818)	(83.0, 0.03350828540190916)	(84.0, 0.02868065139753232)	(85.0, 0.024685663069043275)	(86.0, 0.020890281580664326)	(87.0, 0.01823123331776923)	(88.0, 0.01578890105270794)	(89.0, 0.013563284785480462)	(90.0, 0.011353351912833062)	(91.0, 0.01042803163260844)	(92.0, 0.009541206957262195)	(93.0, 0.008831176911727738)	(94.0, 0.008123998392480571)	(95.0, 0.007958609867817927)	(96.0, 0.007793221343155282)	(97.0, 0.008641550413623156)	(98.0, 0.009489879484091027)	(99.0, 0.023579270869575935)	(100.0, 0.037668662255060846)
SRR18306579_1	(0.0, 9.59804769001303)	(1.0, 9.59804769001303)	(2.0, 4.799402684007894)	(3.0, 0.0007576780027564756)	(4.0, 0.0007576780027564756)	(5.0, 0.0009372225531727021)	(6.0, 0.0011167671035889285)	(7.0, 0.0011167671035889285)	(8.0, 0.0011167671035889285)	(9.0, 0.0018295589687413476)	(10.0, 0.0025423508338937666)	(11.0, 0.0025423508338937666)	(12.0, 0.0025423508338937666)	(13.0, 0.0035442094252163105)	(14.0, 0.004546068016538854)	(15.0, 0.004546068016538854)	(16.0, 0.006703295789789815)	(17.0, 0.008860523563040776)	(18.0, 0.008860523563040776)	(19.0, 0.008860523563040776)	(20.0, 0.018615178987154358)	(21.0, 0.02836983441126794)	(22.0, 0.02836983441126794)	(23.0, 0.07353336834571762)	(24.0, 0.1186969022801673)	(25.0, 0.1186969022801673)	(26.0, 0.1186969022801673)	(27.0, 0.2591483200115167)	(28.0, 0.39959973774286606)	(29.0, 0.39959973774286606)	(30.0, 0.6976041916327104)	(31.0, 0.9956086455225548)	(32.0, 0.9956086455225548)	(33.0, 0.9956086455225548)	(34.0, 1.4610841765358864)	(35.0, 1.926559707549218)	(36.0, 1.926559707549218)	(37.0, 1.926559707549218)	(38.0, 2.435476940258508)	(39.0, 2.9443941729677974)	(40.0, 2.9443941729677974)	(41.0, 3.2948417945887174)	(42.0, 3.645289416209638)	(43.0, 3.645289416209638)	(44.0, 3.645289416209638)	(45.0, 3.681417370644391)	(46.0, 3.7175453250791435)	(47.0, 3.7175453250791435)	(48.0, 3.425846475799917)	(49.0, 3.1341476265206905)	(50.0, 3.1341476265206905)	(51.0, 3.1341476265206905)	(52.0, 2.66996661171586)	(53.0, 2.205785596911029)	(54.0, 2.205785596911029)	(55.0, 1.746001628145892)	(56.0, 1.2862176593807548)	(57.0, 1.2862176593807548)	(58.0, 1.2862176593807548)	(59.0, 0.9518545363088725)	(60.0, 0.6174914132369902)	(61.0, 0.6174914132369902)	(62.0, 0.6174914132369902)	(63.0, 0.43088627337564567)	(64.0, 0.24428113351430106)	(65.0, 0.24428113351430106)	(66.0, 0.16192135507012176)	(67.0, 0.07956157662594243)	(68.0, 0.07956157662594243)	(69.0, 0.07956157662594243)	(70.0, 0.05051845015061364)	(71.0, 0.021475323675284846)	(72.0, 0.021475323675284846)	(73.0, 0.013488284350019012)	(74.0, 0.005501245024753179)	(75.0, 0.005501245024753179)	(76.0, 0.005501245024753179)	(77.0, 0.0035828115035557995)	(78.0, 0.0016643779823584193)	(79.0, 0.0016643779823584193)	(80.0, 0.0012738685852031269)	(81.0, 0.0008833591880478342)	(82.0, 0.0008833591880478342)	(83.0, 0.0008833591880478342)	(84.0, 0.0007280531519377983)	(85.0, 0.0005727471158277624)	(86.0, 0.0005727471158277624)	(87.0, 0.0005727471158277624)	(88.0, 0.00038691850614696796)	(89.0, 0.00020108989646617362)	(90.0, 0.00020108989646617362)	(91.0, 0.00014632880858922456)	(92.0, 9.15677207122755e-05)	(93.0, 9.15677207122755e-05)	(94.0, 9.15677207122755e-05)	(95.0, 0.00017056732289541513)	(96.0, 0.0002495669250785548)	(97.0, 0.0002495669250785548)	(98.0, 0.0012657890804343966)	(99.0, 0.002282011235790238)	(100.0, 0.002282011235790238)
SRR18306579_2	(0.0, 0.03150097434903589)	(1.0, 0.028474692444023394)	(2.0, 0.018023797891936946)	(3.0, 0.011699127859244318)	(4.0, 0.012801949904553344)	(5.0, 0.012575914576728908)	(6.0, 0.012357077826223724)	(7.0, 0.01329145316226231)	(8.0, 0.014202793050879299)	(9.0, 0.016828834056941525)	(10.0, 0.019525421120732394)	(11.0, 0.024617694716369504)	(12.0, 0.02974164205221131)	(13.0, 0.03648382956942041)	(14.0, 0.04392427908659671)	(15.0, 0.060221858137377626)	(16.0, 0.07757618833862437)	(17.0, 0.10674338392075956)	(18.0, 0.13563559384929944)	(19.0, 0.18298783545532277)	(20.0, 0.23407469897457275)	(21.0, 0.2986185829344278)	(22.0, 0.36229143903865363)	(23.0, 0.4454220496368109)	(24.0, 0.5300269288699505)	(25.0, 0.6087491307177993)	(26.0, 0.7046154643091729)	(27.0, 0.8176720005389142)	(28.0, 0.9413781120547533)	(29.0, 1.0526335642392186)	(30.0, 1.165161724893727)	(31.0, 1.2912635229414124)	(32.0, 1.4061528169566346)	(33.0, 1.5360900170000162)	(34.0, 1.6945825335533966)	(35.0, 1.8639348238505973)	(36.0, 2.0237705949317495)	(37.0, 2.1900260572662087)	(38.0, 2.3581214759634683)	(39.0, 2.524103392359796)	(40.0, 2.6815002854451864)	(41.0, 2.77151417567601)	(42.0, 2.882369386961525)	(43.0, 2.9629920132216556)	(44.0, 3.025999720781583)	(45.0, 3.0666932783673007)	(46.0, 3.0503294724051826)	(47.0, 2.9915041382677394)	(48.0, 2.982229491249618)	(49.0, 3.0328527663895084)	(50.0, 3.090343484291963)	(51.0, 3.107090254567465)	(52.0, 3.0913066539372784)	(53.0, 3.0737723593030504)	(54.0, 3.026936975548549)	(55.0, 2.9059317702428924)	(56.0, 2.7952896368460274)	(57.0, 2.6528585860073566)	(58.0, 2.4868709107491735)	(59.0, 2.3515866074730534)	(60.0, 2.1996995054678163)	(61.0, 1.9860529292098097)	(62.0, 1.7685623126633239)	(63.0, 1.5778935952083621)	(64.0, 1.4025376914269077)	(65.0, 1.2857162992591988)	(66.0, 1.1519077043335249)	(67.0, 0.9961765620398084)	(68.0, 0.85888097626069)	(69.0, 0.7389526781219932)	(70.0, 0.610076548375469)	(71.0, 0.5018603355351909)	(72.0, 0.3981086803483115)	(73.0, 0.301647744270368)	(74.0, 0.22146999008856683)	(75.0, 0.1701628501033478)	(76.0, 0.14135126424078354)	(77.0, 0.11178238804423422)	(78.0, 0.08476756708055463)	(79.0, 0.07038480959669409)	(80.0, 0.05800181689212106)	(81.0, 0.048357162999790565)	(82.0, 0.03928695557753617)	(83.0, 0.03406510759015257)	(84.0, 0.029021784320286362)	(85.0, 0.024921474679241832)	(86.0, 0.020959377722726897)	(87.0, 0.018500343710471264)	(88.0, 0.016319174782738657)	(89.0, 0.014158161871499953)	(90.0, 0.011994269529333548)	(91.0, 0.011095887079891209)	(92.0, 0.010256532964466714)	(93.0, 0.009536675232541762)	(94.0, 0.00881105863876141)	(95.0, 0.008708838840828067)	(96.0, 0.008606619042894724)	(97.0, 0.009185384659362385)	(98.0, 0.009764150275830047)	(99.0, 0.024115234019485888)	(100.0, 0.03846631776314172)
SRR18306580_1	(0.0, 9.594860665776125)	(1.0, 9.594860665776125)	(2.0, 4.797746446429941)	(3.0, 0.0006322270837574712)	(4.0, 0.0006322270837574712)	(5.0, 0.0007559629558642905)	(6.0, 0.0008796988279711099)	(7.0, 0.0008796988279711099)	(8.0, 0.0008796988279711099)	(9.0, 0.0013963186735557861)	(10.0, 0.0019129385191404627)	(11.0, 0.0019129385191404627)	(12.0, 0.0019129385191404627)	(13.0, 0.002653547388684929)	(14.0, 0.0033941562582293946)	(15.0, 0.0033941562582293946)	(16.0, 0.005518439259654498)	(17.0, 0.007642722261079602)	(18.0, 0.007642722261079602)	(19.0, 0.007642722261079602)	(20.0, 0.01719386713355854)	(21.0, 0.02674501200603748)	(22.0, 0.02674501200603748)	(23.0, 0.0716791972117774)	(24.0, 0.11661338241751734)	(25.0, 0.11661338241751734)	(26.0, 0.11661338241751734)	(27.0, 0.25797393925639855)	(28.0, 0.39933449609527977)	(29.0, 0.39933449609527977)	(30.0, 0.700110208922059)	(31.0, 1.0008859217488384)	(32.0, 1.0008859217488384)	(33.0, 1.0008859217488384)	(34.0, 1.4642216687144352)	(35.0, 1.927557415680032)	(36.0, 1.927557415680032)	(37.0, 1.927557415680032)	(38.0, 2.4354082716129923)	(39.0, 2.9432591275459523)	(40.0, 2.9432591275459523)	(41.0, 3.2941767703855365)	(42.0, 3.645094413225121)	(43.0, 3.645094413225121)	(44.0, 3.645094413225121)	(45.0, 3.681510693249552)	(46.0, 3.717926973273982)	(47.0, 3.717926973273982)	(48.0, 3.4284410298000147)	(49.0, 3.1389550863260474)	(50.0, 3.1389550863260474)	(51.0, 3.1389550863260474)	(52.0, 2.670267085505669)	(53.0, 2.2015790846852914)	(54.0, 2.2015790846852914)	(55.0, 1.742785437725718)	(56.0, 1.2839917907661444)	(57.0, 1.2839917907661444)	(58.0, 1.2839917907661444)	(59.0, 0.9517022673587)	(60.0, 0.6194127439512555)	(61.0, 0.6194127439512555)	(62.0, 0.6194127439512555)	(63.0, 0.4326700238587148)	(64.0, 0.24592730376617403)	(65.0, 0.24592730376617403)	(66.0, 0.1626819636478278)	(67.0, 0.07943662352948158)	(68.0, 0.07943662352948158)	(69.0, 0.07943662352948158)	(70.0, 0.05066577531077552)	(71.0, 0.02189492709206945)	(72.0, 0.02189492709206945)	(73.0, 0.013669652732384751)	(74.0, 0.005444378372700051)	(75.0, 0.005444378372700051)	(76.0, 0.005444378372700051)	(77.0, 0.0034998284993717154)	(78.0, 0.001555278626043379)	(79.0, 0.001555278626043379)	(80.0, 0.001356578685433888)	(81.0, 0.0011578787448243972)	(82.0, 0.0011578787448243972)	(83.0, 0.0011578787448243972)	(84.0, 0.0011443310216010228)	(85.0, 0.0011307832983776483)	(86.0, 0.0011307832983776483)	(87.0, 0.0011307832983776483)	(88.0, 0.0008381524767527617)	(89.0, 0.0005455216551278751)	(90.0, 0.0005455216551278751)	(91.0, 0.00033869308058435954)	(92.0, 0.00013186450604084398)	(93.0, 0.00013186450604084398)	(94.0, 0.00013186450604084398)	(95.0, 0.00019057130667546633)	(96.0, 0.0002492781073100886)	(97.0, 0.0002492781073100886)	(98.0, 0.0006701607087829193)	(99.0, 0.0010910433102557502)	(100.0, 0.0010910433102557502)
SRR18306580_2	(0.0, 0.042587168147278136)	(1.0, 0.04023038846783522)	(2.0, 0.025669632882242034)	(3.0, 0.014091427610092574)	(4.0, 0.014715749700959133)	(5.0, 0.013926293692786803)	(6.0, 0.013161462917896907)	(7.0, 0.013976992702485942)	(8.0, 0.014702712812750783)	(9.0, 0.017079772096073347)	(10.0, 0.019550986683122887)	(11.0, 0.024536872151249806)	(12.0, 0.02954303722325638)	(13.0, 0.03633091035040418)	(14.0, 0.043863334648562215)	(15.0, 0.06012612841691226)	(16.0, 0.07743477032819888)	(17.0, 0.10641577281536192)	(18.0, 0.13526061224790442)	(19.0, 0.18232667576631806)	(20.0, 0.23277219041696298)	(21.0, 0.2980145731840857)	(22.0, 0.36269347267198077)	(23.0, 0.44397991919418006)	(24.0, 0.5261224547087278)	(25.0, 0.604679845965979)	(26.0, 0.7011209507588186)	(27.0, 0.8148706974629448)	(28.0, 0.938992013008381)	(29.0, 1.0510295817278104)	(30.0, 1.16390006274944)	(31.0, 1.2882198287042699)	(32.0, 1.402379513115392)	(33.0, 1.5338478394378008)	(34.0, 1.6945926710467618)	(35.0, 1.8618298729834812)	(36.0, 2.0164024622973553)	(37.0, 2.1821505618920547)	(38.0, 2.3515852037634484)	(39.0, 2.517502782904856)	(40.0, 2.6763210521452496)	(41.0, 2.7706936373423643)	(42.0, 2.8830947903884936)	(43.0, 2.9601601822174555)	(44.0, 3.021224966585369)	(45.0, 3.0646580839230557)	(46.0, 3.0521817819076644)	(47.0, 2.993937311022157)	(48.0, 2.985503892894489)	(49.0, 3.0373834652480523)	(50.0, 3.0900032431432236)	(51.0, 3.1058169885399525)	(52.0, 3.0946863830962896)	(53.0, 3.077399469332017)	(54.0, 3.0290195771908284)	(55.0, 2.905792012759232)	(56.0, 2.7971020272230795)	(57.0, 2.661912393588754)	(58.0, 2.4992786617327165)	(59.0, 2.359208886279065)	(60.0, 2.204137998127005)	(61.0, 1.989476942517709)	(62.0, 1.7678889536403766)	(63.0, 1.574793808213961)	(64.0, 1.3995085006232864)	(65.0, 1.28534736766903)	(66.0, 1.154015204401242)	(67.0, 0.9981316835508612)	(68.0, 0.8590527116010445)	(69.0, 0.7367275895420922)	(70.0, 0.6083041008879004)	(71.0, 0.5026270850710117)	(72.0, 0.39928077515714916)	(73.0, 0.3025021598140267)	(74.0, 0.22174877716523556)	(75.0, 0.16943319332825948)	(76.0, 0.14034065301975832)	(77.0, 0.11125245834065994)	(78.0, 0.08468907434457877)	(79.0, 0.06985309556347596)	(80.0, 0.05718413731122785)	(81.0, 0.048056867022248276)	(82.0, 0.039141084030870826)	(83.0, 0.03369745893231739)	(84.0, 0.028702882205384903)	(85.0, 0.024813543889893687)	(86.0, 0.021053125913351713)	(87.0, 0.01822701825840819)	(88.0, 0.015638471677483494)	(89.0, 0.013330942464605464)	(90.0, 0.011035001596801524)	(91.0, 0.01035563486683304)	(92.0, 0.009725518603429436)	(93.0, 0.00902152664017851)	(94.0, 0.008311740504390541)	(95.0, 0.008204548312455215)	(96.0, 0.008100253206788411)	(97.0, 0.008618831648853909)	(98.0, 0.009137410090919403)	(99.0, 0.023357758039961218)	(100.0, 0.03757810598900304)
SRR18306581_1	(0.0, 9.587540691140635)	(1.0, 9.587540691140635)	(2.0, 4.794114244556914)	(3.0, 0.0006877979731925541)	(4.0, 0.0006877979731925541)	(5.0, 0.0007945252448948468)	(6.0, 0.0009012525165971397)	(7.0, 0.0009012525165971397)	(8.0, 0.0009012525165971397)	(9.0, 0.001445835261949865)	(10.0, 0.0019904180073025903)	(11.0, 0.0019904180073025903)	(12.0, 0.0019904180073025903)	(13.0, 0.0028159580149143427)	(14.0, 0.0036414980225260955)	(15.0, 0.0036414980225260955)	(16.0, 0.005613672051759917)	(17.0, 0.007585846080993739)	(18.0, 0.007585846080993739)	(19.0, 0.007585846080993739)	(20.0, 0.01726518864537861)	(21.0, 0.026944531209763478)	(22.0, 0.026944531209763478)	(23.0, 0.07202631321659267)	(24.0, 0.11710809522342187)	(25.0, 0.11710809522342187)	(26.0, 0.11710809522342187)	(27.0, 0.2561317691019513)	(28.0, 0.3951554429804808)	(29.0, 0.3951554429804808)	(30.0, 0.6961610127392772)	(31.0, 0.9971665824980739)	(32.0, 0.9971665824980739)	(33.0, 0.9971665824980739)	(34.0, 1.4626990830777307)	(35.0, 1.9282315836573873)	(36.0, 1.9282315836573873)	(37.0, 1.9282315836573873)	(38.0, 2.435940512736422)	(39.0, 2.943649441815457)	(40.0, 2.943649441815457)	(41.0, 3.2968993793708807)	(42.0, 3.650149316926305)	(43.0, 3.650149316926305)	(44.0, 3.650149316926305)	(45.0, 3.685666693430582)	(46.0, 3.72118406993486)	(47.0, 3.72118406993486)	(48.0, 3.4278309367770086)	(49.0, 3.1344778036191565)	(50.0, 3.1344778036191565)	(51.0, 3.1344778036191565)	(52.0, 2.67126137605533)	(53.0, 2.2080449484915032)	(54.0, 2.2080449484915032)	(55.0, 1.745730685643177)	(56.0, 1.2834164227948508)	(57.0, 1.2834164227948508)	(58.0, 1.2834164227948508)	(59.0, 0.9524332604723582)	(60.0, 0.6214500981498654)	(61.0, 0.6214500981498654)	(62.0, 0.6214500981498654)	(63.0, 0.43337475263674285)	(64.0, 0.2452994071236203)	(65.0, 0.2452994071236203)	(66.0, 0.16277915772187226)	(67.0, 0.08025890832012424)	(68.0, 0.08025890832012424)	(69.0, 0.08025890832012424)	(70.0, 0.051059421421061034)	(71.0, 0.02185993452199783)	(72.0, 0.02185993452199783)	(73.0, 0.013695754336224145)	(74.0, 0.005531574150450461)	(75.0, 0.005531574150450461)	(76.0, 0.005531574150450461)	(77.0, 0.0035530147288925706)	(78.0, 0.0015744553073346796)	(79.0, 0.0015744553073346796)	(80.0, 0.0011968049613111816)	(81.0, 0.0008191546152876836)	(82.0, 0.0008191546152876836)	(83.0, 0.0008191546152876836)	(84.0, 0.0007005687578406916)	(85.0, 0.0005819829003936996)	(86.0, 0.0005819829003936996)	(87.0, 0.0005819829003936996)	(88.0, 0.00039315772738195067)	(89.0, 0.00020433255437020176)	(90.0, 0.00020433255437020176)	(91.0, 0.0001605470070051585)	(92.0, 0.00011676145964011528)	(93.0, 0.00011676145964011528)	(94.0, 0.00011676145964011528)	(95.0, 0.00020159595765988653)	(96.0, 0.0002864304556796578)	(97.0, 0.0002864304556796578)	(98.0, 0.0014248546871707816)	(99.0, 0.0025632789186619057)	(100.0, 0.0025632789186619057)
SRR18306581_2	(0.0, 0.04601674012169638)	(1.0, 0.04367742660180726)	(2.0, 0.027799646969939425)	(3.0, 0.014779077659737296)	(4.0, 0.015291122520250862)	(5.0, 0.014335793109064122)	(6.0, 0.013390704595087653)	(7.0, 0.01438260863916822)	(8.0, 0.0153335490944077)	(9.0, 0.01757484259814137)	(10.0, 0.019880507455768175)	(11.0, 0.025426684787787986)	(12.0, 0.031012362723333124)	(13.0, 0.03784450414789985)	(14.0, 0.04538473046529107)	(15.0, 0.06172920241288413)	(16.0, 0.0792572294809214)	(17.0, 0.10849206504561457)	(18.0, 0.1371885220141106)	(19.0, 0.18461265400956142)	(20.0, 0.23588443738544276)	(21.0, 0.30020312380720976)	(22.0, 0.3632299941951668)	(23.0, 0.44566336479658814)	(24.0, 0.5302107491792726)	(25.0, 0.6096596297365576)	(26.0, 0.7059708790432123)	(27.0, 0.8162477861740456)	(28.0, 0.9372556905959275)	(29.0, 1.0506399785374203)	(30.0, 1.1641208235097527)	(31.0, 1.2881219958876653)	(32.0, 1.402572800124342)	(33.0, 1.5325751382674737)	(34.0, 1.6912929521882063)	(35.0, 1.8585180257200427)	(36.0, 2.015727501780234)	(37.0, 2.1830593732401202)	(38.0, 2.3533962165385636)	(39.0, 2.520375508537353)	(40.0, 2.6767349901290918)	(41.0, 2.7686046160171203)	(42.0, 2.8795384035547267)	(43.0, 2.9563012430722893)	(44.0, 3.01931640957772)	(45.0, 3.0626002931295897)	(46.0, 3.048854083102774)	(47.0, 2.9936907587869896)	(48.0, 2.9893383774726243)	(49.0, 3.03818014223904)	(50.0, 3.085169767595712)	(51.0, 3.094768414252368)	(52.0, 3.08007565272626)	(53.0, 3.0694558423192086)	(54.0, 3.0279041333811905)	(55.0, 2.903636697675811)	(56.0, 2.791242850793083)	(57.0, 2.6566408868172235)	(58.0, 2.4956671495396)	(59.0, 2.354686569587057)	(60.0, 2.1995281989395523)	(61.0, 1.989984812164243)	(62.0, 1.7739413816310432)	(63.0, 1.5828257578929594)	(64.0, 1.4068593470994986)	(65.0, 1.2872997981402121)	(66.0, 1.1533708074095994)	(67.0, 0.9990960798928089)	(68.0, 0.8607122988757279)	(69.0, 0.7386276372614518)	(70.0, 0.6090758985955722)	(71.0, 0.5018229821124004)	(72.0, 0.3994783813635801)	(73.0, 0.30446333704668266)	(74.0, 0.22433709428820395)	(75.0, 0.17132143241594497)	(76.0, 0.1412453802946938)	(77.0, 0.11185839425716232)	(78.0, 0.08527156211398218)	(79.0, 0.07064317194176745)	(80.0, 0.05780254982540294)	(81.0, 0.04831216408211292)	(82.0, 0.0394011205238611)	(83.0, 0.03412705846057136)	(84.0, 0.029091463003749367)	(85.0, 0.024938047692326465)	(86.0, 0.021042117796476096)	(87.0, 0.01858722843664248)	(88.0, 0.016315212241277997)	(89.0, 0.013971509765441613)	(90.0, 0.011632196245552487)	(91.0, 0.010489604713949358)	(92.0, 0.009396754683081831)	(93.0, 0.008650632172047775)	(94.0, 0.007903046675697967)	(95.0, 0.00772163649654459)	(96.0, 0.007540226317391211)	(97.0, 0.008306830622845809)	(98.0, 0.009073434928300407)	(99.0, 0.020821207013797385)	(100.0, 0.03256897909929437)
SRR18306582_1	(0.0, 9.595957384946926)	(1.0, 9.595957384946926)	(2.0, 4.798332527441098)	(3.0, 0.0007076699352683298)	(4.0, 0.0007076699352683298)	(5.0, 0.000837650127460472)	(6.0, 0.0009676303196526142)	(7.0, 0.0009676303196526142)	(8.0, 0.0009676303196526142)	(9.0, 0.0015155329353514358)	(10.0, 0.0020634355510502577)	(11.0, 0.0020634355510502577)	(12.0, 0.0020634355510502577)	(13.0, 0.002835192942191102)	(14.0, 0.0036069503333319465)	(15.0, 0.0036069503333319465)	(16.0, 0.005626156513427933)	(17.0, 0.007645362693523921)	(18.0, 0.007645362693523921)	(19.0, 0.007645362693523921)	(20.0, 0.017188075136963694)	(21.0, 0.02673078758040347)	(22.0, 0.02673078758040347)	(23.0, 0.07167956279284865)	(24.0, 0.11662833800529383)	(25.0, 0.11662833800529383)	(26.0, 0.11662833800529383)	(27.0, 0.25672532182305774)	(28.0, 0.3968223056408217)	(29.0, 0.3968223056408217)	(30.0, 0.6982544950964115)	(31.0, 0.9996866845520014)	(32.0, 0.9996866845520014)	(33.0, 0.9996866845520014)	(34.0, 1.4637376340433144)	(35.0, 1.9277885835346273)	(36.0, 1.9277885835346273)	(37.0, 1.9277885835346273)	(38.0, 2.4361699996852493)	(39.0, 2.944551415835871)	(40.0, 2.944551415835871)	(41.0, 3.296024174004989)	(42.0, 3.647496932174106)	(43.0, 3.647496932174106)	(44.0, 3.647496932174106)	(45.0, 3.6837550873141485)	(46.0, 3.720013242454192)	(47.0, 3.720013242454192)	(48.0, 3.4282086136230556)	(49.0, 3.1364039847919205)	(50.0, 3.1364039847919205)	(51.0, 3.1364039847919205)	(52.0, 2.6703410502422997)	(53.0, 2.2042781156926794)	(54.0, 2.2042781156926794)	(55.0, 1.7439857600922555)	(56.0, 1.283693404491832)	(57.0, 1.283693404491832)	(58.0, 1.283693404491832)	(59.0, 0.9512085860654501)	(60.0, 0.618723767639068)	(61.0, 0.618723767639068)	(62.0, 0.618723767639068)	(63.0, 0.4319458420198539)	(64.0, 0.24516791640063978)	(65.0, 0.24516791640063978)	(66.0, 0.16210606038874312)	(67.0, 0.07904420437684648)	(68.0, 0.07904420437684648)	(69.0, 0.07904420437684648)	(70.0, 0.050341147907971964)	(71.0, 0.02163809143909745)	(72.0, 0.02163809143909745)	(73.0, 0.013503497744405884)	(74.0, 0.0053689040497143185)	(75.0, 0.0053689040497143185)	(76.0, 0.0053689040497143185)	(77.0, 0.003481483342257587)	(78.0, 0.0015940626348008552)	(79.0, 0.0015940626348008552)	(80.0, 0.0012970940012507525)	(81.0, 0.0010001253677006498)	(82.0, 0.0010001253677006498)	(83.0, 0.0010001253677006498)	(84.0, 0.0009712408805468405)	(85.0, 0.0009423563933930311)	(86.0, 0.0009423563933930311)	(87.0, 0.0009423563933930311)	(88.0, 0.0006715643263260681)	(89.0, 0.00040077225925910516)	(90.0, 0.00040077225925910516)	(91.0, 0.0002617656648313975)	(92.0, 0.00012275907040368988)	(93.0, 0.00012275907040368988)	(94.0, 0.00012275907040368988)	(95.0, 0.00019135972739398716)	(96.0, 0.0002599603843842844)	(97.0, 0.0002599603843842844)	(98.0, 0.0006273349553717975)	(99.0, 0.0009947095263593106)	(100.0, 0.0009947095263593106)
SRR18306582_2	(0.0, 0.0302864481261042)	(1.0, 0.027434426003330525)	(2.0, 0.017930098472361402)	(3.0, 0.012058117898772557)	(4.0, 0.012852920003037909)	(5.0, 0.012851472276072034)	(6.0, 0.01283265182551566)	(7.0, 0.01365206528820089)	(8.0, 0.014455553754261493)	(9.0, 0.01671545554799231)	(10.0, 0.019040505055187496)	(11.0, 0.02430878348400648)	(12.0, 0.02962194144876759)	(13.0, 0.03637993092547191)	(14.0, 0.04397760204238371)	(15.0, 0.06043101900955265)	(16.0, 0.07758658355517095)	(17.0, 0.10620090703568957)	(18.0, 0.13494986912403456)	(19.0, 0.18293188395402843)	(20.0, 0.23439712986391745)	(21.0, 0.29897588663070185)	(22.0, 0.3625397867944079)	(23.0, 0.4454612442188281)	(24.0, 0.5298275331551915)	(25.0, 0.6074459667036117)	(26.0, 0.7028613078435328)	(27.0, 0.8159939315918318)	(28.0, 0.9396442917472122)	(29.0, 1.0530157904448805)	(30.0, 1.1662280391763025)	(31.0, 1.2887636495679593)	(32.0, 1.402788073127237)	(33.0, 1.5353477450306119)	(34.0, 1.6946802317139127)	(35.0, 1.861368619110824)	(36.0, 2.0181198086139696)	(37.0, 2.1851136664006803)	(38.0, 2.3556182620796386)	(39.0, 2.5202450862771437)	(40.0, 2.6752445261515807)	(41.0, 2.770420992342132)	(42.0, 2.884137050057679)	(43.0, 2.9585864092777987)	(44.0, 3.0204796325228855)	(45.0, 3.065705175209853)	(46.0, 3.0508341238163856)	(47.0, 2.993585208677826)	(48.0, 2.988547118836581)	(49.0, 3.0387789013715447)	(50.0, 3.08803781138544)	(51.0, 3.1018346493702285)	(52.0, 3.090509081316189)	(53.0, 3.075128430030733)	(54.0, 3.0284537126509243)	(55.0, 2.9077784314104167)	(56.0, 2.799958965626879)	(57.0, 2.6624046356912356)	(58.0, 2.498542211331712)	(59.0, 2.3565028232557883)	(60.0, 2.1982937726980065)	(61.0, 1.9870675129229176)	(62.0, 1.7707655224054712)	(63.0, 1.5786116176788194)	(64.0, 1.4029994412642548)	(65.0, 1.2871175840077593)	(66.0, 1.1562314844769357)	(67.0, 1.0016431990608075)	(68.0, 0.8613888583338071)	(69.0, 0.7392455819499023)	(70.0, 0.6104109115297236)	(71.0, 0.5020717117654367)	(72.0, 0.39821322696053285)	(73.0, 0.3024953108847439)	(74.0, 0.22227241652471463)	(75.0, 0.16985167081734814)	(76.0, 0.14036436797640692)	(77.0, 0.1114141718398053)	(78.0, 0.08508146605750562)	(79.0, 0.07008591014497277)	(80.0, 0.05719390151385624)	(81.0, 0.04783434667947461)	(82.0, 0.0388439622213911)	(83.0, 0.03355831106898161)	(84.0, 0.02853904167829312)	(85.0, 0.024604119785044974)	(86.0, 0.020897938752405074)	(87.0, 0.01836731201605564)	(88.0, 0.016011860242577076)	(89.0, 0.01367522891965489)	(90.0, 0.011400849856265324)	(91.0, 0.010684225008157218)	(92.0, 0.010000897880264235)	(93.0, 0.00910330716142176)	(94.0, 0.008205716442579284)	(95.0, 0.007995796032527414)	(96.0, 0.007785875622475544)	(97.0, 0.008742823146918894)	(98.0, 0.009699770671362243)	(99.0, 0.02350819047187763)	(100.0, 0.03731661027239301)
SRR18306583_1	(0.0, 9.584303841165163)	(1.0, 9.584303841165163)	(2.0, 4.792495407934943)	(3.0, 0.0006869747047235184)	(4.0, 0.0006869747047235184)	(5.0, 0.0008121283410893721)	(6.0, 0.000937281977455226)	(7.0, 0.000937281977455226)	(8.0, 0.000937281977455226)	(9.0, 0.0014908812740808272)	(10.0, 0.0020444805707064283)	(11.0, 0.0020444805707064283)	(12.0, 0.0020444805707064283)	(13.0, 0.002883101287376894)	(14.0, 0.0037217220040473586)	(15.0, 0.0037217220040473586)	(16.0, 0.005710477233014247)	(17.0, 0.007699232461981135)	(18.0, 0.007699232461981135)	(19.0, 0.007699232461981135)	(20.0, 0.01730317537522362)	(21.0, 0.026907118288466106)	(22.0, 0.026907118288466106)	(23.0, 0.07168745479224556)	(24.0, 0.11646779129602503)	(25.0, 0.11646779129602503)	(26.0, 0.11646779129602503)	(27.0, 0.25679516415849796)	(28.0, 0.39712253702097094)	(29.0, 0.39712253702097094)	(30.0, 0.6980521718371852)	(31.0, 0.9989818066533993)	(32.0, 0.9989818066533993)	(33.0, 0.9989818066533993)	(34.0, 1.4650356778759897)	(35.0, 1.9310895490985798)	(36.0, 1.9310895490985798)	(37.0, 1.9310895490985798)	(38.0, 2.4397075325780624)	(39.0, 2.948325516057545)	(40.0, 2.948325516057545)	(41.0, 3.2972502001247754)	(42.0, 3.6461748841920056)	(43.0, 3.6461748841920056)	(44.0, 3.6461748841920056)	(45.0, 3.681749576946452)	(46.0, 3.7173242697008972)	(47.0, 3.7173242697008972)	(48.0, 3.4281663849446127)	(49.0, 3.139008500188329)	(50.0, 3.139008500188329)	(51.0, 3.139008500188329)	(52.0, 2.671777088547669)	(53.0, 2.204545676907008)	(54.0, 2.204545676907008)	(55.0, 1.7445028343507487)	(56.0, 1.2844599917944892)	(57.0, 1.2844599917944892)	(58.0, 1.2844599917944892)	(59.0, 0.9520007759160043)	(60.0, 0.6195415600375194)	(61.0, 0.6195415600375194)	(62.0, 0.6195415600375194)	(63.0, 0.4323382124097833)	(64.0, 0.24513486478204716)	(65.0, 0.24513486478204716)	(66.0, 0.16231056341362554)	(67.0, 0.0794862620452039)	(68.0, 0.0794862620452039)	(69.0, 0.0794862620452039)	(70.0, 0.050491727266986156)	(71.0, 0.021497192488768396)	(72.0, 0.021497192488768396)	(73.0, 0.01348370564058395)	(74.0, 0.005470218792399506)	(75.0, 0.005470218792399506)	(76.0, 0.005470218792399506)	(77.0, 0.003529880663632547)	(78.0, 0.0015895425348655876)	(79.0, 0.0015895425348655876)	(80.0, 0.001214995155960478)	(81.0, 0.0008404477770553683)	(82.0, 0.0008404477770553683)	(83.0, 0.0008404477770553683)	(84.0, 0.0007472676974253165)	(85.0, 0.0006540876177952648)	(86.0, 0.0006540876177952648)	(87.0, 0.0006540876177952648)	(88.0, 0.00040834799602581476)	(89.0, 0.00016260837425636474)	(90.0, 0.00016260837425636474)	(91.0, 0.00013520246848282012)	(92.0, 0.0001077965627092755)	(93.0, 0.0001077965627092755)	(94.0, 0.0001077965627092755)	(95.0, 0.00016808955541107364)	(96.0, 0.0002283825481128718)	(97.0, 0.0002283825481128718)	(98.0, 0.0012433145919264741)	(99.0, 0.0022582466357400762)	(100.0, 0.0022582466357400762)
SRR18306583_2	(0.0, 0.03230726554032883)	(1.0, 0.029030821157701142)	(2.0, 0.01806293824000515)	(3.0, 0.011325419782347676)	(4.0, 0.012298388955006345)	(5.0, 0.01246103892212248)	(6.0, 0.012588521328781068)	(7.0, 0.013514600420829682)	(8.0, 0.01446998581325958)	(9.0, 0.01668114617702755)	(10.0, 0.018918682211138675)	(11.0, 0.024322764001447672)	(12.0, 0.029748825517042634)	(13.0, 0.03647608676956666)	(14.0, 0.043988756872309125)	(15.0, 0.05973210143713555)	(16.0, 0.07640885166910591)	(17.0, 0.10525504313440494)	(18.0, 0.13421699448621008)	(19.0, 0.1826910806318749)	(20.0, 0.23429361434324192)	(21.0, 0.2989843418048909)	(22.0, 0.3625790136322799)	(23.0, 0.44559057477728936)	(24.0, 0.5308543251066006)	(25.0, 0.6102143212241019)	(26.0, 0.7070731092992687)	(27.0, 0.8179710805720901)	(28.0, 0.9387980264140909)	(29.0, 1.0534530653957932)	(30.0, 1.1692041600117553)	(31.0, 1.2936387114306924)	(32.0, 1.407161061902658)	(33.0, 1.535543171982954)	(34.0, 1.6937649571114748)	(35.0, 1.86419428166382)	(36.0, 2.021088491385069)	(37.0, 2.1855627756999363)	(38.0, 2.3566690757910895)	(39.0, 2.5247304512726267)	(40.0, 2.681889883012326)	(41.0, 2.772279305278324)	(42.0, 2.88329596706769)	(43.0, 2.9619657998112117)	(44.0, 3.0242622025317094)	(45.0, 3.0657862995419527)	(46.0, 3.05008398379766)	(47.0, 2.9921454279438593)	(48.0, 2.9823629848765862)	(49.0, 3.032725862081825)	(50.0, 3.0882261337439028)	(51.0, 3.1026726745168576)	(52.0, 3.089024730429293)	(53.0, 3.075120356213392)	(54.0, 3.027833175233169)	(55.0, 2.902661570359643)	(56.0, 2.7919863269697194)	(57.0, 2.652196739466008)	(58.0, 2.4864578882896877)	(59.0, 2.348220069391165)	(60.0, 2.196054431236437)	(61.0, 1.986461632169561)	(62.0, 1.768789086087565)	(63.0, 1.577243106795485)	(64.0, 1.4035886238861792)	(65.0, 1.287789173874588)	(66.0, 1.1560807987010158)	(67.0, 1.0023663225711366)	(68.0, 0.8631350200896887)	(69.0, 0.739346672594159)	(70.0, 0.609006901648393)	(71.0, 0.501950986355558)	(72.0, 0.3996837205450251)	(73.0, 0.3035575899793905)	(74.0, 0.22241284016866888)	(75.0, 0.1699648196913018)	(76.0, 0.14092081069842907)	(77.0, 0.11240578042743855)	(78.0, 0.08629826273277061)	(79.0, 0.0711688851609321)	(80.0, 0.058068968890497605)	(81.0, 0.048471155515626696)	(82.0, 0.03934810420693261)	(83.0, 0.03392497332137578)	(84.0, 0.028852052725375305)	(85.0, 0.025257634983610673)	(86.0, 0.021852242879305327)	(87.0, 0.018930404731291192)	(88.0, 0.016204918795831667)	(89.0, 0.01412563678377948)	(90.0, 0.012053681346822612)	(91.0, 0.011093900009335522)	(92.0, 0.010183939382496615)	(93.0, 0.00936336297182063)	(94.0, 0.00853839061608745)	(95.0, 0.008315662733189682)	(96.0, 0.00809440016531098)	(97.0, 0.009096675638350935)	(98.0, 0.01009895111139089)	(99.0, 0.02431104148129516)	(100.0, 0.038523131851199426)
SRR18306584_1	(0.0, 9.589339498156606)	(1.0, 9.589339498156606)	(2.0, 4.7950052321336445)	(3.0, 0.000670966110683451)	(4.0, 0.000670966110683451)	(5.0, 0.0008211824041200443)	(6.0, 0.0009713986975566379)	(7.0, 0.0009713986975566379)	(8.0, 0.0009713986975566379)	(9.0, 0.0014921485148034952)	(10.0, 0.0020128983320503524)	(11.0, 0.0020128983320503524)	(12.0, 0.0020128983320503524)	(13.0, 0.0027970273837893706)	(14.0, 0.003581156435528389)	(15.0, 0.003581156435528389)	(16.0, 0.0055650129508476665)	(17.0, 0.007548869466166945)	(18.0, 0.007548869466166945)	(19.0, 0.007548869466166945)	(20.0, 0.01717873531740883)	(21.0, 0.02680860116865072)	(22.0, 0.02680860116865072)	(23.0, 0.07168922387967988)	(24.0, 0.11656984659070901)	(25.0, 0.11656984659070901)	(26.0, 0.11656984659070901)	(27.0, 0.25626098506717854)	(28.0, 0.395952123543648)	(29.0, 0.395952123543648)	(30.0, 0.6972008856111738)	(31.0, 0.9984496476786996)	(32.0, 0.9984496476786996)	(33.0, 0.9984496476786996)	(34.0, 1.4609646137280148)	(35.0, 1.9234795797773299)	(36.0, 1.9234795797773299)	(37.0, 1.9234795797773299)	(38.0, 2.4318175254184995)	(39.0, 2.9401554710596693)	(40.0, 2.9401554710596693)	(41.0, 3.2926560295638487)	(42.0, 3.6451565880680277)	(43.0, 3.6451565880680277)	(44.0, 3.6451565880680277)	(45.0, 3.681812367992425)	(46.0, 3.7184681479168225)	(47.0, 3.7184681479168225)	(48.0, 3.429151566757943)	(49.0, 3.1398349855990646)	(50.0, 3.1398349855990646)	(51.0, 3.1398349855990646)	(52.0, 2.6765148602169293)	(53.0, 2.213194734834794)	(54.0, 2.213194734834794)	(55.0, 1.7500588747726076)	(56.0, 1.2869230147104214)	(57.0, 1.2869230147104214)	(58.0, 1.2869230147104214)	(59.0, 0.9537222455869758)	(60.0, 0.6205214764635303)	(61.0, 0.6205214764635303)	(62.0, 0.6205214764635303)	(63.0, 0.4332087686417919)	(64.0, 0.2458960608200536)	(65.0, 0.2458960608200536)	(66.0, 0.162972661075229)	(67.0, 0.08004926133040442)	(68.0, 0.08004926133040442)	(69.0, 0.08004926133040442)	(70.0, 0.05097840278259861)	(71.0, 0.021907544234792794)	(72.0, 0.021907544234792794)	(73.0, 0.013593573114055466)	(74.0, 0.005279601993318139)	(75.0, 0.005279601993318139)	(76.0, 0.005279601993318139)	(77.0, 0.0034659906105603336)	(78.0, 0.0016523792278025284)	(79.0, 0.0016523792278025284)	(80.0, 0.0012638197487798732)	(81.0, 0.000875260269757218)	(82.0, 0.000875260269757218)	(83.0, 0.000875260269757218)	(84.0, 0.0007600944447891631)	(85.0, 0.000644928619821108)	(86.0, 0.000644928619821108)	(87.0, 0.000644928619821108)	(88.0, 0.0004276157153161694)	(89.0, 0.0002103028108112309)	(90.0, 0.0002103028108112309)	(91.0, 0.00016223359691152096)	(92.0, 0.00011416438301181104)	(93.0, 0.00011416438301181104)	(94.0, 0.00011416438301181104)	(95.0, 0.00019427973951132756)	(96.0, 0.0002743950960108441)	(97.0, 0.0002743950960108441)	(98.0, 0.0014591009302474447)	(99.0, 0.0026438067644840454)	(100.0, 0.0026438067644840454)
SRR18306584_2	(0.0, 0.04654321011649183)	(1.0, 0.04414987138534975)	(2.0, 0.028145020971188907)	(3.0, 0.014708592457092617)	(4.0, 0.014896525766853439)	(5.0, 0.014302206753079902)	(6.0, 0.013707887739306366)	(7.0, 0.014093391964456768)	(8.0, 0.014437133231882542)	(9.0, 0.017130844005120972)	(10.0, 0.01987595534171279)	(11.0, 0.025016011677051482)	(12.0, 0.03019943723771959)	(13.0, 0.036638964065336094)	(14.0, 0.043798098779900006)	(15.0, 0.060182028348792084)	(16.0, 0.07758754411433272)	(17.0, 0.10570365226863536)	(18.0, 0.1335515137329375)	(19.0, 0.18123838638404216)	(20.0, 0.23245422896287782)	(21.0, 0.2962037776619159)	(22.0, 0.35919998685430593)	(23.0, 0.44039199547379493)	(24.0, 0.5225847088110701)	(25.0, 0.6014267479247464)	(26.0, 0.6987055266062407)	(27.0, 0.8091412432385972)	(28.0, 0.9293205791616301)	(29.0, 1.0409690278356056)	(30.0, 1.152647995594072)	(31.0, 1.2785311877817263)	(32.0, 1.3955236887768492)	(33.0, 1.523631561597142)	(34.0, 1.6794202440508383)	(35.0, 1.8468591854421013)	(36.0, 2.003704791979752)	(37.0, 2.169980795625144)	(38.0, 2.3397311560997043)	(39.0, 2.50356884552102)	(40.0, 2.659275608326872)	(41.0, 2.755033251586627)	(42.0, 2.868035783851443)	(43.0, 2.9469308297960777)	(44.0, 3.0112971852553563)	(45.0, 3.052570231360521)	(46.0, 3.0394663002406173)	(47.0, 2.9869268931554322)	(48.0, 2.9816197849891948)	(49.0, 3.0321095946106635)	(50.0, 3.0843968176818963)	(51.0, 3.0967201027458713)	(52.0, 3.081990628809916)	(53.0, 3.066191380649169)	(54.0, 3.0200433123634562)	(55.0, 2.899680861933477)	(56.0, 2.792582969383881)	(57.0, 2.6582283218485467)	(58.0, 2.4969108662991517)	(59.0, 2.3602190993988432)	(60.0, 2.2089247537033585)	(61.0, 1.9975174491660876)	(62.0, 1.7804705390683875)	(63.0, 1.5904812067734313)	(64.0, 1.4161610149632342)	(65.0, 1.2999716477705079)	(66.0, 1.1677918865720638)	(67.0, 1.0138889622863947)	(68.0, 0.8754142383447657)	(69.0, 0.7511260698886714)	(70.0, 0.6196916168588515)	(71.0, 0.5117295523378768)	(72.0, 0.40875816126499487)	(73.0, 0.31276921547014963)	(74.0, 0.2315225937520977)	(75.0, 0.1788113160331994)	(76.0, 0.14983424844272758)	(77.0, 0.11967657416273261)	(78.0, 0.09137574523387874)	(79.0, 0.07582707481947921)	(80.0, 0.06270547475592242)	(81.0, 0.0531578201130308)	(82.0, 0.04407116427271488)	(83.0, 0.03864358603611818)	(84.0, 0.03350352970077949)	(85.0, 0.029654912519694647)	(86.0, 0.025944434352622035)	(87.0, 0.02281863759369419)	(88.0, 0.01992414336985659)	(89.0, 0.01766251858230757)	(90.0, 0.015434625414459207)	(91.0, 0.014780874499308318)	(92.0, 0.014172099077091643)	(93.0, 0.013428397176072325)	(94.0, 0.012683089007448214)	(95.0, 0.012463030345591528)	(96.0, 0.01224297168373484)	(97.0, 0.013674156119605705)	(98.0, 0.015105340555476573)	(99.0, 0.030385764279875615)	(100.0, 0.04566618800427467)
SRR18306585_1	(0.0, 9.598348997709657)	(1.0, 9.598348997709657)	(2.0, 4.79953766442743)	(3.0, 0.0007263311452045306)	(4.0, 0.0007263311452045306)	(5.0, 0.0008067038538951958)	(6.0, 0.0008870765625858612)	(7.0, 0.0008870765625858612)	(8.0, 0.0008870765625858612)	(9.0, 0.0014328171771521069)	(10.0, 0.0019785577917183525)	(11.0, 0.0019785577917183525)	(12.0, 0.0019785577917183525)	(13.0, 0.0028060990145333505)	(14.0, 0.0036336402373483485)	(15.0, 0.0036336402373483485)	(16.0, 0.005665779834860478)	(17.0, 0.007697919432372607)	(18.0, 0.007697919432372607)	(19.0, 0.007697919432372607)	(20.0, 0.017199759659802367)	(21.0, 0.026701599887232128)	(22.0, 0.026701599887232128)	(23.0, 0.07178969720703249)	(24.0, 0.11687779452683286)	(25.0, 0.11687779452683286)	(26.0, 0.11687779452683286)	(27.0, 0.25622521853885233)	(28.0, 0.3955726425508718)	(29.0, 0.3955726425508718)	(30.0, 0.6975577154932724)	(31.0, 0.999542788435673)	(32.0, 0.999542788435673)	(33.0, 0.999542788435673)	(34.0, 1.4627783368917937)	(35.0, 1.9260138853479145)	(36.0, 1.9260138853479145)	(37.0, 1.9260138853479145)	(38.0, 2.435174002647616)	(39.0, 2.9443341199473174)	(40.0, 2.9443341199473174)	(41.0, 3.2952592266926937)	(42.0, 3.646184333438069)	(43.0, 3.646184333438069)	(44.0, 3.646184333438069)	(45.0, 3.683313548086168)	(46.0, 3.720442762734267)	(47.0, 3.720442762734267)	(48.0, 3.430332013309165)	(49.0, 3.1402212638840634)	(50.0, 3.1402212638840634)	(51.0, 3.1402212638840634)	(52.0, 2.6713874089781555)	(53.0, 2.202553554072248)	(54.0, 2.202553554072248)	(55.0, 1.743237415484376)	(56.0, 1.2839212768965036)	(57.0, 1.2839212768965036)	(58.0, 1.2839212768965036)	(59.0, 0.9513777063053819)	(60.0, 0.61883413571426)	(61.0, 0.61883413571426)	(62.0, 0.61883413571426)	(63.0, 0.4320310923708856)	(64.0, 0.24522804902751108)	(65.0, 0.24522804902751108)	(66.0, 0.16204527229966106)	(67.0, 0.07886249557181103)	(68.0, 0.07886249557181103)	(69.0, 0.07886249557181103)	(70.0, 0.05022103586371162)	(71.0, 0.0215795761556122)	(72.0, 0.0215795761556122)	(73.0, 0.013329962574696264)	(74.0, 0.005080348993780323)	(75.0, 0.005080348993780323)	(76.0, 0.005080348993780323)	(77.0, 0.0033647389527166165)	(78.0, 0.0016491289116529096)	(79.0, 0.0016491289116529096)	(80.0, 0.0012919168730277306)	(81.0, 0.0009347048344025517)	(82.0, 0.0009347048344025517)	(83.0, 0.0009347048344025517)	(84.0, 0.0009267667890997699)	(85.0, 0.0009188287437969882)	(86.0, 0.0009188287437969882)	(87.0, 0.0009188287437969882)	(88.0, 0.0006618345271194289)	(89.0, 0.00040484031044186954)	(90.0, 0.00040484031044186954)	(91.0, 0.0002669167733060365)	(92.0, 0.00012899323617020353)	(93.0, 0.00012899323617020353)	(94.0, 0.00012899323617020353)	(95.0, 0.00019547436558100073)	(96.0, 0.0002619554949917979)	(97.0, 0.0002619554949917979)	(98.0, 0.0006360358798853881)	(99.0, 0.0010101162647789784)	(100.0, 0.0010101162647789784)
SRR18306585_2	(0.0, 0.03097478435783894)	(1.0, 0.02786170871279049)	(2.0, 0.018165974137312385)	(3.0, 0.012321795319000569)	(4.0, 0.013063458535049945)	(5.0, 0.012845415915739292)	(6.0, 0.012636922608223267)	(7.0, 0.013396092895896125)	(8.0, 0.01414093921587704)	(9.0, 0.016278393505907752)	(10.0, 0.018481101426535085)	(11.0, 0.023661603075120313)	(12.0, 0.028803907476527033)	(13.0, 0.035318129672428526)	(14.0, 0.042747494248648446)	(15.0, 0.05867892942601809)	(16.0, 0.0752851826368747)	(17.0, 0.10308959547889743)	(18.0, 0.13119162853851937)	(19.0, 0.17875993369148876)	(20.0, 0.2294683708729247)	(21.0, 0.2936126897494011)	(22.0, 0.3569405424674368)	(23.0, 0.4384725665699634)	(24.0, 0.5215499876312539)	(25.0, 0.6010018533145176)	(26.0, 0.6976599872997336)	(27.0, 0.8093996677125974)	(28.0, 0.9320048733957812)	(29.0, 1.0449111613995554)	(30.0, 1.158503408300577)	(31.0, 1.2830471242780699)	(32.0, 1.3975210909681288)	(33.0, 1.526745561276955)	(34.0, 1.6831425982973929)	(35.0, 1.8522465862125477)	(36.0, 2.011866515963672)	(37.0, 2.178204386562317)	(38.0, 2.3479211219842937)	(39.0, 2.5105236201192733)	(40.0, 2.6641561313751665)	(41.0, 2.76210978866052)	(42.0, 2.877401813060985)	(43.0, 2.952497601013933)	(44.0, 3.015742693029749)	(45.0, 3.0599973869899824)	(46.0, 3.0456256727390687)	(47.0, 2.990290593993136)	(48.0, 2.9849764019794263)	(49.0, 3.0374896590900464)	(50.0, 3.090559959388687)	(51.0, 3.102095528036596)	(52.0, 3.085132767185407)	(53.0, 3.071069814015853)	(54.0, 3.0302433229898904)	(55.0, 2.9084163862179686)	(56.0, 2.797620496120807)	(57.0, 2.6624643116355515)	(58.0, 2.499142432012043)	(59.0, 2.3567828833297075)	(60.0, 2.2028718504798044)	(61.0, 1.9943530781323258)	(62.0, 1.7787343924655423)	(63.0, 1.589751920497905)	(64.0, 1.4130371310824321)	(65.0, 1.2929338450894408)	(66.0, 1.1634037968031865)	(67.0, 1.0115585984048543)	(68.0, 0.8712012220954586)	(69.0, 0.7483604667213407)	(70.0, 0.6198744765246323)	(71.0, 0.5115614074940739)	(72.0, 0.40726859872905347)	(73.0, 0.3109828879038279)	(74.0, 0.22961001899787836)	(75.0, 0.17635191556727695)	(76.0, 0.14662809105453414)	(77.0, 0.11709047812178659)	(78.0, 0.09011526385393068)	(79.0, 0.07437640646441934)	(80.0, 0.06065882007143745)	(81.0, 0.05108722654928949)	(82.0, 0.042096549494648035)	(83.0, 0.03652452606248309)	(84.0, 0.03121033404877308)	(85.0, 0.027347637427846395)	(86.0, 0.023640912899565287)	(87.0, 0.020994161980487796)	(88.0, 0.01859569316807061)	(89.0, 0.016270435746078896)	(90.0, 0.013970643155539525)	(91.0, 0.013397684447861895)	(92.0, 0.012866106091294316)	(93.0, 0.011998710269949017)	(94.0, 0.011128131344672176)	(95.0, 0.011005581843307794)	(96.0, 0.010883032341943412)	(97.0, 0.011888893184310806)	(98.0, 0.0128947540266782)	(99.0, 0.02936890842437581)	(100.0, 0.04584306282207342)
SRR18306586_1	(0.0, 9.599019633098129)	(1.0, 9.599019633098129)	(2.0, 4.799857627888575)	(3.0, 0.0006956226790233578)	(4.0, 0.0006956226790233578)	(5.0, 0.0007878377892108923)	(6.0, 0.0008800528993984268)	(7.0, 0.0008800528993984268)	(8.0, 0.0008800528993984268)	(9.0, 0.0015456054337954145)	(10.0, 0.002211157968192402)	(11.0, 0.002211157968192402)	(12.0, 0.002211157968192402)	(13.0, 0.0028797175170520274)	(14.0, 0.0035482770659116523)	(15.0, 0.0035482770659116523)	(16.0, 0.005522883229709945)	(17.0, 0.007497489393508236)	(18.0, 0.007497489393508236)	(19.0, 0.007497489393508236)	(20.0, 0.01692848908649206)	(21.0, 0.026359488779475884)	(22.0, 0.026359488779475884)	(23.0, 0.07139855140085277)	(24.0, 0.11643761402222966)	(25.0, 0.11643761402222966)	(26.0, 0.11643761402222966)	(27.0, 0.25665369607683847)	(28.0, 0.39686977813144725)	(29.0, 0.39686977813144725)	(30.0, 0.6967222439785288)	(31.0, 0.9965747098256101)	(32.0, 0.9965747098256101)	(33.0, 0.9965747098256101)	(34.0, 1.461819987484806)	(35.0, 1.9270652651440017)	(36.0, 1.9270652651440017)	(37.0, 1.9270652651440017)	(38.0, 2.4347084443882245)	(39.0, 2.9423516236324474)	(40.0, 2.9423516236324474)	(41.0, 3.292997575444239)	(42.0, 3.6436435272560304)	(43.0, 3.6436435272560304)	(44.0, 3.6436435272560304)	(45.0, 3.680865354612705)	(46.0, 3.71808718196938)	(47.0, 3.71808718196938)	(48.0, 3.4284966541451247)	(49.0, 3.138906126320869)	(50.0, 3.138906126320869)	(51.0, 3.138906126320869)	(52.0, 2.6723086944916408)	(53.0, 2.2057112626624127)	(54.0, 2.2057112626624127)	(55.0, 1.746011922010474)	(56.0, 1.286312581358535)	(57.0, 1.286312581358535)	(58.0, 1.286312581358535)	(59.0, 0.9537638449210474)	(60.0, 0.6212151084835595)	(61.0, 0.6212151084835595)	(62.0, 0.6212151084835595)	(63.0, 0.4332706905398222)	(64.0, 0.24532627259608492)	(65.0, 0.24532627259608492)	(66.0, 0.16237978332055183)	(67.0, 0.07943329404501881)	(68.0, 0.07943329404501881)	(69.0, 0.07943329404501881)	(70.0, 0.05054390376431101)	(71.0, 0.021654513483603203)	(72.0, 0.021654513483603203)	(73.0, 0.013524548714786982)	(74.0, 0.005394583945970766)	(75.0, 0.005394583945970766)	(76.0, 0.005394583945970766)	(77.0, 0.003550281742220077)	(78.0, 0.0017059795384693876)	(79.0, 0.0017059795384693876)	(80.0, 0.0013010349241676057)	(81.0, 0.000896090309865824)	(82.0, 0.000896090309865824)	(83.0, 0.000896090309865824)	(84.0, 0.0007317068525750017)	(85.0, 0.0005673233952841794)	(86.0, 0.0005673233952841794)	(87.0, 0.0005673233952841794)	(88.0, 0.0003748744696754118)	(89.0, 0.00018242554406664425)	(90.0, 0.00018242554406664425)	(91.0, 0.00012829928373917838)	(92.0, 7.417302341171249e-05)	(93.0, 7.417302341171249e-05)	(94.0, 7.417302341171249e-05)	(95.0, 0.00015937176651976064)	(96.0, 0.00024457050962780876)	(97.0, 0.00024457050962780876)	(98.0, 0.001282992837391784)	(99.0, 0.0023214151651557587)	(100.0, 0.0023214151651557587)
SRR18306586_2	(0.0, 0.03243405440020826)	(1.0, 0.02922183864271762)	(2.0, 0.01837136609651927)	(3.0, 0.012003204627339885)	(4.0, 0.013262045937707839)	(5.0, 0.012919602516113491)	(6.0, 0.012604490259622916)	(7.0, 0.013115743818622929)	(8.0, 0.013618958799651242)	(9.0, 0.016239535218424882)	(10.0, 0.01888261965551928)	(11.0, 0.02360126492490618)	(12.0, 0.0283697493777176)	(13.0, 0.035220225525198885)	(14.0, 0.04281507399285943)	(15.0, 0.0583970535331994)	(16.0, 0.07509157226482241)	(17.0, 0.1034243441838702)	(18.0, 0.13130534802090854)	(19.0, 0.17893553021881525)	(20.0, 0.2303454517790145)	(21.0, 0.2944900885619781)	(22.0, 0.35751575529128143)	(23.0, 0.4393645561991134)	(24.0, 0.5228789504626813)	(25.0, 0.6007984944579471)	(26.0, 0.6961585372206096)	(27.0, 0.8096069881351876)	(28.0, 0.9349444958699074)	(29.0, 1.0478415003356267)	(30.0, 1.1577642309518177)	(31.0, 1.2797512593879337)	(32.0, 1.394579130282455)	(33.0, 1.5263024843578918)	(34.0, 1.684246072061414)	(35.0, 1.8511494587721917)	(36.0, 2.0086284166689494)	(37.0, 2.173213477492689)	(38.0, 2.3416232937153625)	(39.0, 2.507724430344564)	(40.0, 2.6652323271220206)	(41.0, 2.759825489546183)	(42.0, 2.8731019148921666)	(43.0, 2.95243946404164)	(44.0, 3.015514969954368)	(45.0, 3.057354160581463)	(46.0, 3.0457110842472552)	(47.0, 2.990635571131962)	(48.0, 2.979357446237669)	(49.0, 3.0284602959199907)	(50.0, 3.083040632632228)	(51.0, 3.094752840736992)	(52.0, 3.0790663596830203)	(53.0, 3.0668364671568784)	(54.0, 3.0241130329528962)	(55.0, 2.9049716611187617)	(56.0, 2.797101983316542)	(57.0, 2.661651944493426)	(58.0, 2.502285528488913)	(59.0, 2.3618949796443913)	(60.0, 2.2039578228032464)	(61.0, 1.9916187856808358)	(62.0, 1.7754549931594916)	(63.0, 1.5866609509161855)	(64.0, 1.413214161736446)	(65.0, 1.2978042977967736)	(66.0, 1.1672915535638746)	(67.0, 1.0110232055096542)	(68.0, 0.8690040407680661)	(69.0, 0.7463112251860352)	(70.0, 0.616957643896655)	(71.0, 0.5104513089184357)	(72.0, 0.40923435824559384)	(73.0, 0.3132907147221861)	(74.0, 0.23197406767608056)	(75.0, 0.17909951720943787)	(76.0, 0.1492828237968146)	(77.0, 0.11907224006357808)	(78.0, 0.09165265060211522)	(79.0, 0.07653369315294507)	(80.0, 0.063043351600841)	(81.0, 0.05342278148431249)	(82.0, 0.04455783769712361)	(83.0, 0.038800608153793305)	(84.0, 0.0332668510780762)	(85.0, 0.02941315679844404)	(86.0, 0.02575238839013264)	(87.0, 0.023138242833736354)	(88.0, 0.02068004568999102)	(89.0, 0.01822988712421738)	(90.0, 0.015853683475783364)	(91.0, 0.015104488008821085)	(92.0, 0.014381015991368238)	(93.0, 0.013837608120481437)	(94.0, 0.013299023396377651)	(95.0, 0.013369762882528596)	(96.0, 0.01344050236867954)	(97.0, 0.014871369247641835)	(98.0, 0.01630223612660413)	(99.0, 0.03451283066368944)	(100.0, 0.052723425200774734)
SRR18306587_1	(0.0, 9.593444177735174)	(1.0, 9.593444177735174)	(2.0, 4.797172643954014)	(3.0, 0.000901110172852899)	(4.0, 0.000901110172852899)	(5.0, 0.0009676694469840791)	(6.0, 0.001034228721115259)	(7.0, 0.001034228721115259)	(8.0, 0.001034228721115259)	(9.0, 0.001477103891295803)	(10.0, 0.001919979061476347)	(11.0, 0.001919979061476347)	(12.0, 0.001919979061476347)	(13.0, 0.002644451160673422)	(14.0, 0.0033689232598704973)	(15.0, 0.0033689232598704973)	(16.0, 0.005283782377182907)	(17.0, 0.0071986414944953175)	(18.0, 0.0071986414944953175)	(19.0, 0.0071986414944953175)	(20.0, 0.01678573694146721)	(21.0, 0.026372832388439106)	(22.0, 0.026372832388439106)	(23.0, 0.07147186055647752)	(24.0, 0.11657088872451592)	(25.0, 0.11657088872451592)	(26.0, 0.11657088872451592)	(27.0, 0.2570698364991911)	(28.0, 0.3975687842738662)	(29.0, 0.3975687842738662)	(30.0, 0.6975539927551766)	(31.0, 0.9975392012364869)	(32.0, 0.9975392012364869)	(33.0, 0.9975392012364869)	(34.0, 1.4644243495738132)	(35.0, 1.9313094979111396)	(36.0, 1.9313094979111396)	(37.0, 1.9313094979111396)	(38.0, 2.43713694155937)	(39.0, 2.9429643852076004)	(40.0, 2.9429643852076004)	(41.0, 3.2944511120339524)	(42.0, 3.6459378388603048)	(43.0, 3.6459378388603048)	(44.0, 3.6459378388603048)	(45.0, 3.680791858756305)	(46.0, 3.715645878652306)	(47.0, 3.715645878652306)	(48.0, 3.423901220302852)	(49.0, 3.132156561953398)	(50.0, 3.132156561953398)	(51.0, 3.132156561953398)	(52.0, 2.67270813251419)	(53.0, 2.213259703074982)	(54.0, 2.213259703074982)	(55.0, 1.747360143989214)	(56.0, 1.2814605849034453)	(57.0, 1.2814605849034453)	(58.0, 1.2814605849034453)	(59.0, 0.9521483362511041)	(60.0, 0.6228360875987631)	(61.0, 0.6228360875987631)	(62.0, 0.6228360875987631)	(63.0, 0.4348496577035729)	(64.0, 0.24686322780838282)	(65.0, 0.24686322780838282)	(66.0, 0.1629780626264402)	(67.0, 0.07909289744449763)	(68.0, 0.07909289744449763)	(69.0, 0.07909289744449763)	(70.0, 0.050318811243172105)	(71.0, 0.021544725041846586)	(72.0, 0.021544725041846586)	(73.0, 0.013519212564875451)	(74.0, 0.005493700087904322)	(75.0, 0.005493700087904322)	(76.0, 0.005493700087904322)	(77.0, 0.0035711610543460058)	(78.0, 0.0016486220207876901)	(79.0, 0.0016486220207876901)	(80.0, 0.0014412642821482445)	(81.0, 0.0012339065435087993)	(82.0, 0.0012339065435087993)	(83.0, 0.0012339065435087993)	(84.0, 0.0011571073810497452)	(85.0, 0.0010803082185906914)	(86.0, 0.0010803082185906914)	(87.0, 0.0010803082185906914)	(88.0, 0.0008422308149676243)	(89.0, 0.0006041534113445572)	(90.0, 0.0006041534113445572)	(91.0, 0.00039167572854117484)	(92.0, 0.0001791980457377924)	(93.0, 0.0001791980457377924)	(94.0, 0.0001791980457377924)	(95.0, 0.00023807740362306705)	(96.0, 0.0002969567615083417)	(97.0, 0.0002969567615083417)	(98.0, 0.0007679916245905389)	(99.0, 0.001239026487672736)	(100.0, 0.001239026487672736)
SRR18306587_2	(0.0, 0.04595188035036913)	(1.0, 0.042617987673055)	(2.0, 0.02713920024266797)	(3.0, 0.01565123015507569)	(4.0, 0.016345106832989592)	(5.0, 0.015441835417953742)	(6.0, 0.014481083094688343)	(7.0, 0.01538435450972419)	(8.0, 0.016234250795689735)	(9.0, 0.01841031375009428)	(10.0, 0.020717761637594947)	(11.0, 0.026075803440421222)	(12.0, 0.031458479918203025)	(13.0, 0.03813447683114979)	(14.0, 0.045471504188736425)	(15.0, 0.061631850959559586)	(16.0, 0.07901571991984041)	(17.0, 0.10825707909204636)	(18.0, 0.1371781874898305)	(19.0, 0.18441107093788683)	(20.0, 0.23521187647533476)	(21.0, 0.3016515948303806)	(22.0, 0.36722088800366465)	(23.0, 0.4501945790330258)	(24.0, 0.5347202545845848)	(25.0, 0.6137606091793808)	(26.0, 0.7105789875337459)	(27.0, 0.81994873277795)	(28.0, 0.940248062144088)	(29.0, 1.0566058435173422)	(30.0, 1.172696749245245)	(31.0, 1.297282512053644)	(32.0, 1.4123551845500515)	(33.0, 1.5429394907101204)	(34.0, 1.7003509578967537)	(35.0, 1.864988596403674)	(36.0, 2.021049262246913)	(37.0, 2.1920262237757213)	(38.0, 2.365261363842119)	(39.0, 2.5272754094662764)	(40.0, 2.6780847837648296)	(41.0, 2.769939275115657)	(42.0, 2.8831191834196486)	(43.0, 2.9593224446154)	(44.0, 3.0226869343801646)	(45.0, 3.0695872497163217)	(46.0, 3.054067404494342)	(47.0, 2.9874265029604925)	(48.0, 2.977309863112091)	(49.0, 3.0329308533825032)	(50.0, 3.0829269262047374)	(51.0, 3.0964472569761603)	(52.0, 3.0886585939110556)	(53.0, 3.0736150190715494)	(54.0, 3.02216139464778)	(55.0, 2.894742644219496)	(56.0, 2.781632534161212)	(57.0, 2.6464333322261413)	(58.0, 2.4896705781466704)	(59.0, 2.349716883945184)	(60.0, 2.1911024234648893)	(61.0, 1.9796794314382713)	(62.0, 1.763526581820193)	(63.0, 1.5716840506040566)	(64.0, 1.3967983873156387)	(65.0, 1.2834953056368694)	(66.0, 1.1536048761547144)	(67.0, 0.9977289703736418)	(68.0, 0.8560631662627469)	(69.0, 0.7347414978859548)	(70.0, 0.606793101946127)	(71.0, 0.49761632832240776)	(72.0, 0.39391255831797395)	(73.0, 0.298617424031692)	(74.0, 0.21862042289278993)	(75.0, 0.1670641539900393)	(76.0, 0.13817178604636993)	(77.0, 0.1099527658848182)	(78.0, 0.08448872353912579)	(79.0, 0.06935892733727535)	(80.0, 0.05603156818633734)	(81.0, 0.0468797864403605)	(82.0, 0.03819195773937935)	(83.0, 0.03293656041553441)	(84.0, 0.028210808603233228)	(85.0, 0.024532030476541775)	(86.0, 0.020840935012372563)	(87.0, 0.017954572263417103)	(88.0, 0.015359719834768666)	(89.0, 0.013442320967397116)	(90.0, 0.01154955677498109)	(91.0, 0.010736612501448826)	(92.0, 0.00994009134455358)	(93.0, 0.00906556038363251)	(94.0, 0.008203346760189198)	(95.0, 0.007981634685589491)	(96.0, 0.007759922610989783)	(97.0, 0.008486645522177715)	(98.0, 0.009213368433365647)	(99.0, 0.024006490744157283)	(100.0, 0.03879961305494892)
SRR18306588_1	(0.0, 9.585317906572275)	(1.0, 9.585317906572275)	(2.0, 4.793094750123119)	(3.0, 0.0008715936739627997)	(4.0, 0.0008715936739627997)	(5.0, 0.0008819083919978624)	(6.0, 0.0008922231100329251)	(7.0, 0.0008922231100329251)	(8.0, 0.0008922231100329251)	(9.0, 0.0014853193970490314)	(10.0, 0.0020784156840651376)	(11.0, 0.0020784156840651376)	(12.0, 0.0020784156840651376)	(13.0, 0.0028649129342386698)	(14.0, 0.003651410184412202)	(15.0, 0.003651410184412202)	(16.0, 0.0055544756618812734)	(17.0, 0.0074575411393503445)	(18.0, 0.0074575411393503445)	(19.0, 0.0074575411393503445)	(20.0, 0.01665311226760876)	(21.0, 0.02584868339586717)	(22.0, 0.02584868339586717)	(23.0, 0.07119991991652917)	(24.0, 0.11655115643719118)	(25.0, 0.11655115643719118)	(26.0, 0.11655115643719118)	(27.0, 0.2557998499105379)	(28.0, 0.3950485433838846)	(29.0, 0.3950485433838846)	(30.0, 0.6960371730060322)	(31.0, 0.9970258026281799)	(32.0, 0.9970258026281799)	(33.0, 0.9970258026281799)	(34.0, 1.460450611866495)	(35.0, 1.9238754211048106)	(36.0, 1.9238754211048106)	(37.0, 1.9238754211048106)	(38.0, 2.433505009781189)	(39.0, 2.943134598457568)	(40.0, 2.943134598457568)	(41.0, 3.29312587478479)	(42.0, 3.6431171511120115)	(43.0, 3.6431171511120115)	(44.0, 3.6431171511120115)	(45.0, 3.680747821183429)	(46.0, 3.7183784912548465)	(47.0, 3.7183784912548465)	(48.0, 3.428246102364603)	(49.0, 3.138113713474359)	(50.0, 3.138113713474359)	(51.0, 3.138113713474359)	(52.0, 2.6760246602215836)	(53.0, 2.213935606968809)	(54.0, 2.213935606968809)	(55.0, 1.7529657006228387)	(56.0, 1.2919957942768683)	(57.0, 1.2919957942768683)	(58.0, 1.2919957942768683)	(59.0, 0.9560737933494721)	(60.0, 0.6201517924220759)	(61.0, 0.6201517924220759)	(62.0, 0.6201517924220759)	(63.0, 0.4332671523833007)	(64.0, 0.2463825123445256)	(65.0, 0.2463825123445256)	(66.0, 0.1634882808557441)	(67.0, 0.08059404936696254)	(68.0, 0.08059404936696254)	(69.0, 0.08059404936696254)	(70.0, 0.0512125750440864)	(71.0, 0.021831100721210243)	(72.0, 0.021831100721210243)	(73.0, 0.013690209512036991)	(74.0, 0.005549318302863742)	(75.0, 0.005549318302863742)	(76.0, 0.005549318302863742)	(77.0, 0.003610151312271951)	(78.0, 0.0016709843216801605)	(79.0, 0.0016709843216801605)	(80.0, 0.0012687103183127142)	(81.0, 0.0008664363149452684)	(82.0, 0.0008664363149452684)	(83.0, 0.0008664363149452684)	(84.0, 0.0007349236599982187)	(85.0, 0.000603411005051169)	(86.0, 0.000603411005051169)	(87.0, 0.000603411005051169)	(88.0, 0.000410010041893743)	(89.0, 0.0002166090787363171)	(90.0, 0.0002166090787363171)	(91.0, 0.00015987812954347213)	(92.0, 0.00010314718035062717)	(93.0, 0.00010314718035062717)	(94.0, 0.00010314718035062717)	(95.0, 0.00018308624512236325)	(96.0, 0.0002630253098940993)	(97.0, 0.0002630253098940993)	(98.0, 0.0015523650642769392)	(99.0, 0.002841704818659779)	(100.0, 0.002841704818659779)
SRR18306588_2	(0.0, 0.048697386277189045)	(1.0, 0.04569877874780548)	(2.0, 0.02923745741408607)	(3.0, 0.01624624879368087)	(4.0, 0.016721889987996882)	(5.0, 0.015919503973237697)	(6.0, 0.015108845937707794)	(7.0, 0.015692023402043082)	(8.0, 0.01627520086637837)	(9.0, 0.0183514780798274)	(10.0, 0.020448435345203214)	(11.0, 0.026110633562756454)	(12.0, 0.03176042374915362)	(13.0, 0.038733737258864906)	(14.0, 0.046401900513316115)	(15.0, 0.0628177257327966)	(16.0, 0.08054880225482051)	(17.0, 0.11000546821933047)	(18.0, 0.13888309272989052)	(19.0, 0.1865092523172722)	(20.0, 0.23813493394729374)	(21.0, 0.3040960275729614)	(22.0, 0.3690892947684556)	(23.0, 0.45160683796670587)	(24.0, 0.5352866000832414)	(25.0, 0.614214086267002)	(26.0, 0.7118901075275844)	(27.0, 0.8243275498535046)	(28.0, 0.945628462435244)	(29.0, 1.0581734410311836)	(30.0, 1.1718268704103985)	(31.0, 1.2977849306860496)	(32.0, 1.413659397642201)	(33.0, 1.5418757195882569)	(34.0, 1.6981424639678013)	(35.0, 1.8640667925971535)	(36.0, 2.017947058984347)	(37.0, 2.181141620759364)	(38.0, 2.3510241113275026)	(39.0, 2.5179286744181844)	(40.0, 2.672851215422488)	(41.0, 2.7642694529700256)	(42.0, 2.878659092197834)	(43.0, 2.95828556413672)	(44.0, 3.0177738015093047)	(45.0, 3.0592538496640462)	(46.0, 3.0468499545183616)	(47.0, 2.989123657569939)	(48.0, 2.9792344567385514)	(49.0, 3.0255577730545458)	(50.0, 3.075371882135781)	(51.0, 3.0905551762604255)	(52.0, 3.0747969766922165)	(53.0, 3.0561022097504047)	(54.0, 3.014551849419112)	(55.0, 2.8993432801350028)	(56.0, 2.7886719142436296)	(57.0, 2.650740103902371)	(58.0, 2.491259679453405)	(59.0, 2.3510323833482736)	(60.0, 2.193744044403546)	(61.0, 1.9805947491941915)	(62.0, 1.7644551184762243)	(63.0, 1.5728089412603392)	(64.0, 1.3943235490906587)	(65.0, 1.2798015575305188)	(66.0, 1.1510310101928254)	(67.0, 0.9960257489808148)	(68.0, 0.8568076394097103)	(69.0, 0.7376657242491269)	(70.0, 0.6116001277034566)	(71.0, 0.504039041621872)	(72.0, 0.4008455825072238)	(73.0, 0.30590346411136227)	(74.0, 0.22463086003910432)	(75.0, 0.17082550093599982)	(76.0, 0.1412406186495438)	(77.0, 0.11244985035707626)	(78.0, 0.08595456782848163)	(79.0, 0.07136685919932877)	(80.0, 0.05882647571092745)	(81.0, 0.04944186814655324)	(82.0, 0.0407190222438361)	(83.0, 0.03541665692980889)	(84.0, 0.03014737969886453)	(85.0, 0.02619335377046358)	(86.0, 0.02238822421593548)	(87.0, 0.01951783300849797)	(88.0, 0.017007274704586493)	(89.0, 0.014782101117264622)	(90.0, 0.012503159394933116)	(91.0, 0.011849669754046766)	(92.0, 0.011270628300096836)	(93.0, 0.010484786326879075)	(94.0, 0.00970308036404667)	(95.0, 0.009310159377437791)	(96.0, 0.00891723839082891)	(97.0, 0.009876792800231649)	(98.0, 0.01083634720963439)	(99.0, 0.024410733294374876)	(100.0, 0.037985119379115355)
SRR18306589_1	(0.0, 9.593666183452362)	(1.0, 9.593666183452362)	(2.0, 4.797303447923095)	(3.0, 0.0009407123938269943)	(4.0, 0.0009407123938269943)	(5.0, 0.0010225134715510806)	(6.0, 0.001104314549275167)	(7.0, 0.001104314549275167)	(8.0, 0.001104314549275167)	(9.0, 0.0015133199378955992)	(10.0, 0.0019223253265160313)	(11.0, 0.0019223253265160313)	(12.0, 0.0019223253265160313)	(13.0, 0.002811912046765472)	(14.0, 0.0037014987670149118)	(15.0, 0.0037014987670149118)	(16.0, 0.0055905924057055335)	(17.0, 0.0074796860443961544)	(18.0, 0.0074796860443961544)	(19.0, 0.0074796860443961544)	(20.0, 0.016955829641995792)	(21.0, 0.02643197323959543)	(22.0, 0.02643197323959543)	(23.0, 0.0715350424697136)	(24.0, 0.11663811169983176)	(25.0, 0.11663811169983176)	(26.0, 0.11663811169983176)	(27.0, 0.2564617163670843)	(28.0, 0.39628532103433683)	(29.0, 0.39628532103433683)	(30.0, 0.6974129821224512)	(31.0, 0.9985406432105656)	(32.0, 0.9985406432105656)	(33.0, 0.9985406432105656)	(34.0, 1.4648604681951147)	(35.0, 1.931180293179664)	(36.0, 1.931180293179664)	(37.0, 1.931180293179664)	(38.0, 2.4355401755895922)	(39.0, 2.9399000579995205)	(40.0, 2.9399000579995205)	(41.0, 3.294431041423069)	(42.0, 3.6489620248466172)	(43.0, 3.6489620248466172)	(44.0, 3.6489620248466172)	(45.0, 3.6804119829478497)	(46.0, 3.711861941049082)	(47.0, 3.711861941049082)	(48.0, 3.422904746556105)	(49.0, 3.133947552063127)	(50.0, 3.133947552063127)	(51.0, 3.133947552063127)	(52.0, 2.6705546718908924)	(53.0, 2.2071617917186583)	(54.0, 2.2071617917186583)	(55.0, 1.7466421744014824)	(56.0, 1.286122557084307)	(57.0, 1.286122557084307)	(58.0, 1.286122557084307)	(59.0, 0.9536471892421153)	(60.0, 0.6211718213999238)	(61.0, 0.6211718213999238)	(62.0, 0.6211718213999238)	(63.0, 0.43424613366567066)	(64.0, 0.2473204459314176)	(65.0, 0.2473204459314176)	(66.0, 0.1638756778018128)	(67.0, 0.080430909672208)	(68.0, 0.080430909672208)	(69.0, 0.080430909672208)	(70.0, 0.05097229655682137)	(71.0, 0.021513683441434735)	(72.0, 0.021513683441434735)	(73.0, 0.013535522079657428)	(74.0, 0.005557360717880123)	(75.0, 0.005557360717880123)	(76.0, 0.005557360717880123)	(77.0, 0.0036196976892908252)	(78.0, 0.0016820346607015278)	(79.0, 0.0016820346607015278)	(80.0, 0.0013548303498051818)	(81.0, 0.001027626038908836)	(82.0, 0.001027626038908836)	(83.0, 0.001027626038908836)	(84.0, 0.001002063202120059)	(85.0, 0.000976500365331282)	(86.0, 0.000976500365331282)	(87.0, 0.000976500365331282)	(88.0, 0.0007234282811223895)	(89.0, 0.0004703561969134971)	(90.0, 0.0004703561969134971)	(91.0, 0.000316979176180835)	(92.0, 0.00016360215544817289)	(93.0, 0.00016360215544817289)	(94.0, 0.00016360215544817289)	(95.0, 0.00020194641063133844)	(96.0, 0.00024029066581450392)	(97.0, 0.00024029066581450392)	(98.0, 0.0006007266645362599)	(99.0, 0.0009611626632580157)	(100.0, 0.0009611626632580157)
SRR18306589_2	(0.0, 0.03438487947681516)	(1.0, 0.03042811717117163)	(2.0, 0.019595199024528935)	(3.0, 0.013764612497456292)	(4.0, 0.0148265828986601)	(5.0, 0.014441157347644049)	(6.0, 0.014047531252989355)	(7.0, 0.01466667229770663)	(8.0, 0.015298114157881869)	(9.0, 0.018065797635922677)	(10.0, 0.02082118029850553)	(11.0, 0.025593896696193684)	(12.0, 0.03041991662753299)	(13.0, 0.037337075186725355)	(14.0, 0.04493487886792479)	(15.0, 0.060696323741389786)	(16.0, 0.07751973901605859)	(17.0, 0.10609043305307839)	(18.0, 0.13494814611745057)	(19.0, 0.18423751365749289)	(20.0, 0.2368111989248103)	(21.0, 0.30186611161013693)	(22.0, 0.36553103214871424)	(23.0, 0.44886085633274886)	(24.0, 0.5336093745662681)	(25.0, 0.6106862842258403)	(26.0, 0.7066695472442955)	(27.0, 0.8246671696606783)	(28.0, 0.9526243523261887)	(29.0, 1.0612692547227032)	(30.0, 1.1703077832138726)	(31.0, 1.2984781800139877)	(32.0, 1.4146962844607858)	(33.0, 1.544613397055931)	(34.0, 1.7038802553337669)	(35.0, 1.8685881743158401)	(36.0, 2.0251078504747317)	(37.0, 2.1934199083859864)	(38.0, 2.3635155845386455)	(39.0, 2.524041226265013)	(40.0, 2.6761367091308585)	(41.0, 2.7697336139504696)	(42.0, 2.8807443731867317)	(43.0, 2.9590390635766415)	(44.0, 3.0245737080648287)	(45.0, 3.0679955866314246)	(46.0, 3.050216808022854)	(47.0, 2.990721863924525)	(48.0, 2.979688032458736)	(49.0, 3.02757920730839)	(50.0, 3.085212628000748)	(51.0, 3.0996496850765727)	(52.0, 3.0802553993711905)	(53.0, 3.0661340632254537)	(54.0, 3.0234584341299735)	(55.0, 2.8994211113237327)	(56.0, 2.7890458942194654)	(57.0, 2.6572098544128786)	(58.0, 2.49843912902518)	(59.0, 2.3522972408409872)	(60.0, 2.190000281688674)	(61.0, 1.976548331318528)	(62.0, 1.759377434408259)	(63.0, 1.5687680983435437)	(64.0, 1.3947402615161566)	(65.0, 1.284168231364562)	(66.0, 1.1570598049656506)	(67.0, 0.9995765649292188)	(68.0, 0.8568215012677836)	(69.0, 0.7364744230989305)	(70.0, 0.6088821646253395)	(71.0, 0.5004709777225262)	(72.0, 0.3956598294770755)	(73.0, 0.2991025284039155)	(74.0, 0.22068072958760657)	(75.0, 0.1698250582125841)	(76.0, 0.14013909024070934)	(77.0, 0.11022350704695268)	(78.0, 0.08334212499949259)	(79.0, 0.06850324128537454)	(80.0, 0.05553408152086626)	(81.0, 0.04649298215926628)	(82.0, 0.03812842764785406)	(83.0, 0.033257304726502235)	(84.0, 0.028623997570670953)	(85.0, 0.024675435808666067)	(86.0, 0.020837581385782806)	(87.0, 0.018143702800489752)	(88.0, 0.015679439437078602)	(89.0, 0.013370986402801602)	(90.0, 0.011074834183982559)	(91.0, 0.01075501298207562)	(92.0, 0.01047619449836188)	(93.0, 0.009217411049830726)	(94.0, 0.007962727873118892)	(95.0, 0.00799142977585413)	(96.0, 0.008020131678589369)	(97.0, 0.008532665656004332)	(98.0, 0.009045199633419298)	(99.0, 0.023982489871201034)	(100.0, 0.03891978010898276)
SRR18306590_1	(0.0, 9.590044667856812)	(1.0, 9.590044667856812)	(2.0, 4.795463415150031)	(3.0, 0.0008821624432494841)	(4.0, 0.0008821624432494841)	(5.0, 0.0009827599148481093)	(6.0, 0.001083357386446735)	(7.0, 0.001083357386446735)	(8.0, 0.001083357386446735)	(9.0, 0.0015528122539069866)	(10.0, 0.002022267121367238)	(11.0, 0.002022267121367238)	(12.0, 0.002022267121367238)	(13.0, 0.0028528411176430685)	(14.0, 0.003683415113918898)	(15.0, 0.003683415113918898)	(16.0, 0.005525122670878348)	(17.0, 0.007366830227837796)	(18.0, 0.007366830227837796)	(19.0, 0.007366830227837796)	(20.0, 0.017158317463437333)	(21.0, 0.02694980469903687)	(22.0, 0.02694980469903687)	(23.0, 0.07213354598091176)	(24.0, 0.11731728726278666)	(25.0, 0.11731728726278666)	(26.0, 0.11731728726278666)	(27.0, 0.2584452222262633)	(28.0, 0.39957315718973996)	(29.0, 0.39957315718973996)	(30.0, 0.6992014366350713)	(31.0, 0.9988297160804026)	(32.0, 0.9988297160804026)	(33.0, 0.9988297160804026)	(34.0, 1.4612530782181454)	(35.0, 1.9236764403558881)	(36.0, 1.9236764403558881)	(37.0, 1.9236764403558881)	(38.0, 2.431402197203545)	(39.0, 2.939127954051202)	(40.0, 2.939127954051202)	(41.0, 3.291897492724095)	(42.0, 3.6446670313969864)	(43.0, 3.6446670313969864)	(44.0, 3.6446670313969864)	(45.0, 3.682587119344971)	(46.0, 3.7205072072929557)	(47.0, 3.7205072072929557)	(48.0, 3.4283669909258503)	(49.0, 3.1362267745587444)	(50.0, 3.1362267745587444)	(51.0, 3.1362267745587444)	(52.0, 2.6718482102807006)	(53.0, 2.2074696460026564)	(54.0, 2.2074696460026564)	(55.0, 1.7483582621606222)	(56.0, 1.2892468783185882)	(57.0, 1.2892468783185882)	(58.0, 1.2892468783185882)	(59.0, 0.955823007260816)	(60.0, 0.6223991362030439)	(61.0, 0.6223991362030439)	(62.0, 0.6223991362030439)	(63.0, 0.43349771991961483)	(64.0, 0.2445963036361859)	(65.0, 0.2445963036361859)	(66.0, 0.16228435706737218)	(67.0, 0.0799724104985585)	(68.0, 0.0799724104985585)	(69.0, 0.0799724104985585)	(70.0, 0.05074497586563479)	(71.0, 0.0215175412327111)	(72.0, 0.0215175412327111)	(73.0, 0.013521331951794722)	(74.0, 0.005525122670878348)	(75.0, 0.005525122670878348)	(76.0, 0.005525122670878348)	(77.0, 0.0035982941764123692)	(78.0, 0.0016714656819463909)	(79.0, 0.0016714656819463909)	(80.0, 0.0012587581061571584)	(81.0, 0.0008460505303679262)	(82.0, 0.0008460505303679262)	(83.0, 0.0008460505303679262)	(84.0, 0.0007557707481640316)	(85.0, 0.0006654909659601371)	(86.0, 0.0006654909659601371)	(87.0, 0.0006654909659601371)	(88.0, 0.0004178664204865977)	(89.0, 0.00017024187501305833)	(90.0, 0.00017024187501305833)	(91.0, 0.0001186534280394043)	(92.0, 6.706498106575025e-05)	(93.0, 6.706498106575025e-05)	(94.0, 6.706498106575025e-05)	(95.0, 0.00015992418561832752)	(96.0, 0.0002527833901709048)	(97.0, 0.0002527833901709048)	(98.0, 0.0013335613542689569)	(99.0, 0.002414339318367009)	(100.0, 0.002414339318367009)
SRR18306590_2	(0.0, 0.035282982927967936)	(1.0, 0.031249105306630137)	(2.0, 0.019730833206317907)	(3.0, 0.013309727495224303)	(4.0, 0.014373016263105137)	(5.0, 0.014112365709111004)	(6.0, 0.013864127086259446)	(7.0, 0.014662627989765286)	(8.0, 0.015432167720605112)	(9.0, 0.01786904353493123)	(10.0, 0.020421764039921405)	(11.0, 0.025647187050946672)	(12.0, 0.030777451923212178)	(13.0, 0.03740128584296788)	(14.0, 0.04496842652955951)	(15.0, 0.061832103641941936)	(16.0, 0.07962253827963683)	(17.0, 0.10812860680375726)	(18.0, 0.13641539787769216)	(19.0, 0.18441647291642152)	(20.0, 0.2360252826072602)	(21.0, 0.302300857598245)	(22.0, 0.367657949684679)	(23.0, 0.44946498784540956)	(24.0, 0.532686986156394)	(25.0, 0.6131493984433453)	(26.0, 0.7115511885417023)	(27.0, 0.8244335649730669)	(28.0, 0.947063444661736)	(29.0, 1.0590356128093115)	(30.0, 1.1730971226992208)	(31.0, 1.300050491735888)	(32.0, 1.41532837087777)	(33.0, 1.5421203848095837)	(34.0, 1.6988789378299607)	(35.0, 1.8700063698030622)	(36.0, 2.027414480553235)	(37.0, 2.1915415833619223)	(38.0, 2.3617257085681875)	(39.0, 2.526179658896963)	(40.0, 2.6797028351995085)	(41.0, 2.7692011333582562)	(42.0, 2.88049064529299)	(43.0, 2.9633485602904592)	(44.0, 3.0268728238781724)	(45.0, 3.0616262310773905)	(46.0, 3.0402777095121567)	(47.0, 2.9800053718837987)	(48.0, 2.971321157394375)	(49.0, 3.0257019650403896)	(50.0, 3.084662775278015)	(51.0, 3.100678303762321)	(52.0, 3.0851385659718136)	(53.0, 3.0637734951650564)	(54.0, 3.0109565908430067)	(55.0, 2.888856286883088)	(56.0, 2.7828170218216646)	(57.0, 2.648528201479734)	(58.0, 2.4845169433617103)	(59.0, 2.340952273145893)	(60.0, 2.186750577940887)	(61.0, 1.9780894661926303)	(62.0, 1.7631644665277522)	(63.0, 1.5745982712993287)	(64.0, 1.3971117932708468)	(65.0, 1.2816808336448726)	(66.0, 1.1558776368940846)	(67.0, 0.9998017400865491)	(68.0, 0.8578423462985056)	(69.0, 0.7369997846943678)	(70.0, 0.6086066316451618)	(71.0, 0.5022736175466974)	(72.0, 0.399999304931856)	(73.0, 0.30369926850697543)	(74.0, 0.2230093041490769)	(75.0, 0.1709453903163437)	(76.0, 0.141918020684235)	(77.0, 0.11310165388155012)	(78.0, 0.08683387027347456)	(79.0, 0.07206367221380694)	(80.0, 0.05942418900028183)	(81.0, 0.050098691401825025)	(82.0, 0.041137277116883815)	(83.0, 0.03516300092692302)	(84.0, 0.02955694536085869)	(85.0, 0.02600713305408143)	(86.0, 0.022618675852157683)	(87.0, 0.020099053830214382)	(88.0, 0.017744924223505452)	(89.0, 0.01532459765070277)	(90.0, 0.012916683009042671)	(91.0, 0.012039573208300503)	(92.0, 0.011245209615175522)	(93.0, 0.010541866850429444)	(94.0, 0.009838524085683366)	(95.0, 0.009726816705400166)	(96.0, 0.009615109325116965)	(97.0, 0.010790105473281)	(98.0, 0.011965101621445037)	(99.0, 0.027695155689472017)	(100.0, 0.043425209757499)
SRR18306591_1	(0.0, 9.589445220270946)	(1.0, 9.589445220270946)	(2.0, 4.795068885746772)	(3.0, 0.0006925512225972592)	(4.0, 0.0006925512225972592)	(5.0, 0.0008803768112451019)	(6.0, 0.0010682023998929448)	(7.0, 0.0010682023998929448)	(8.0, 0.0010682023998929448)	(9.0, 0.00173760923715919)	(10.0, 0.0024070160744254355)	(11.0, 0.0024070160744254355)	(12.0, 0.0024070160744254355)	(13.0, 0.0032971847410028896)	(14.0, 0.004187353407580344)	(15.0, 0.004187353407580344)	(16.0, 0.006278359605370783)	(17.0, 0.008369365803161222)	(18.0, 0.008369365803161222)	(19.0, 0.008369365803161222)	(20.0, 0.018168342484845838)	(21.0, 0.027967319166530447)	(22.0, 0.027967319166530447)	(23.0, 0.07286386603403092)	(24.0, 0.11776041290153139)	(25.0, 0.11776041290153139)	(26.0, 0.11776041290153139)	(27.0, 0.2579895731161443)	(28.0, 0.39821873333075714)	(29.0, 0.39821873333075714)	(30.0, 0.6992933600779169)	(31.0, 1.0003679868250765)	(32.0, 1.0003679868250765)	(33.0, 1.0003679868250765)	(34.0, 1.4639500250052828)	(35.0, 1.9275320631854893)	(36.0, 1.9275320631854893)	(37.0, 1.9275320631854893)	(38.0, 2.436510923023813)	(39.0, 2.9454897828621363)	(40.0, 2.9454897828621363)	(41.0, 3.2950251918177726)	(42.0, 3.644560600773409)	(43.0, 3.644560600773409)	(44.0, 3.644560600773409)	(45.0, 3.680630235143127)	(46.0, 3.7166998695128455)	(47.0, 3.7166998695128455)	(48.0, 3.426923263481887)	(49.0, 3.137146657450929)	(50.0, 3.137146657450929)	(51.0, 3.137146657450929)	(52.0, 2.671964096008216)	(53.0, 2.206781534565503)	(54.0, 2.206781534565503)	(55.0, 1.745444501762405)	(56.0, 1.2841074689593068)	(57.0, 1.2841074689593068)	(58.0, 1.2841074689593068)	(59.0, 0.9512484798033325)	(60.0, 0.6183894906473584)	(61.0, 0.6183894906473584)	(62.0, 0.6183894906473584)	(63.0, 0.43225789297201245)	(64.0, 0.24612629529666658)	(65.0, 0.24612629529666658)	(66.0, 0.16243174709638777)	(67.0, 0.07873719889610896)	(68.0, 0.07873719889610896)	(69.0, 0.07873719889610896)	(70.0, 0.05023043751763257)	(71.0, 0.021723676139156187)	(72.0, 0.021723676139156187)	(73.0, 0.013554598285974892)	(74.0, 0.0053855204327935965)	(75.0, 0.0053855204327935965)	(76.0, 0.0053855204327935965)	(77.0, 0.00347521847431838)	(78.0, 0.0015649165158431642)	(79.0, 0.0015649165158431642)	(80.0, 0.001343264517865378)	(81.0, 0.001121612519887592)	(82.0, 0.001121612519887592)	(83.0, 0.001121612519887592)	(84.0, 0.001131404375219944)	(85.0, 0.001141196230552296)	(86.0, 0.001141196230552296)	(87.0, 0.001141196230552296)	(88.0, 0.0008670242812464402)	(89.0, 0.0005928523319405843)	(90.0, 0.0005928523319405843)	(91.0, 0.00034894611729836193)	(92.0, 0.00010503990265613957)	(93.0, 0.00010503990265613957)	(94.0, 0.00010503990265613957)	(95.0, 0.0001851550826481104)	(96.0, 0.00026527026264008125)	(97.0, 0.00026527026264008125)	(98.0, 0.0006640658252667806)	(99.0, 0.0010628613878934802)	(100.0, 0.0010628613878934802)
SRR18306591_2	(0.0, 0.043196612732244434)	(1.0, 0.04070955233498208)	(2.0, 0.026015622594095653)	(3.0, 0.014145691398435942)	(4.0, 0.014494051178534688)	(5.0, 0.01390155401156346)	(6.0, 0.01331048454860903)	(7.0, 0.01396437298830258)	(8.0, 0.014549731635189815)	(9.0, 0.017069629224838526)	(10.0, 0.01967090594344473)	(11.0, 0.024959121621665033)	(12.0, 0.03027874678825489)	(13.0, 0.0371659909652891)	(14.0, 0.04477708107883997)	(15.0, 0.06066742678580324)	(16.0, 0.07752718352017245)	(17.0, 0.10589280692591782)	(18.0, 0.1342498641075624)	(19.0, 0.18208937030243438)	(20.0, 0.23344102837862976)	(21.0, 0.2985800241450448)	(22.0, 0.36275246429208746)	(23.0, 0.4447312289366365)	(24.0, 0.5280991495895301)	(25.0, 0.606861297084233)	(26.0, 0.7032627277064768)	(27.0, 0.8155473655155999)	(28.0, 0.939677663552097)	(29.0, 1.0532358133442041)	(30.0, 1.1650935676523044)	(31.0, 1.287165116496579)	(32.0, 1.3995496935868779)	(33.0, 1.5323618597495245)	(34.0, 1.6944291089203818)	(35.0, 1.8624441730252201)	(36.0, 2.0175984793467405)	(37.0, 2.1833277893206855)	(38.0, 2.356511141966333)	(39.0, 2.522935743796458)	(40.0, 2.6780329419573072)	(41.0, 2.770639535302901)	(42.0, 2.8814622041988236)	(43.0, 2.9611138112959914)	(44.0, 3.026645425667026)	(45.0, 3.0678589575199378)	(46.0, 3.0527452827981123)	(47.0, 2.996476612088064)	(48.0, 2.9876619674883527)	(49.0, 3.0344692436790797)	(50.0, 3.0850699294424393)	(51.0, 3.1010816299908304)	(52.0, 3.0890489405372556)	(53.0, 3.0749032491388197)	(54.0, 3.0293709126350934)	(55.0, 2.9042726312752074)	(56.0, 2.7921150591235793)	(57.0, 2.656608815481234)	(58.0, 2.4957808133969577)	(59.0, 2.3552347745753153)	(60.0, 2.199280954004388)	(61.0, 1.985967696854578)	(62.0, 1.76720489347265)	(63.0, 1.575959657310489)	(64.0, 1.3998252404621199)	(65.0, 1.283444519828803)	(66.0, 1.1539089343847078)	(67.0, 1.000664896037663)	(68.0, 0.8609312208015789)	(69.0, 0.7387240400757089)	(70.0, 0.6092898216168066)	(71.0, 0.5019907262343425)	(72.0, 0.39949585486840433)	(73.0, 0.3029416599163631)	(74.0, 0.22224211807086522)	(75.0, 0.17063632867967976)	(76.0, 0.14171104529934947)	(77.0, 0.11207333761463695)	(78.0, 0.08481846793396053)	(79.0, 0.06969622698803465)	(80.0, 0.05688258343727137)	(81.0, 0.047698163497208956)	(82.0, 0.03884639859306051)	(83.0, 0.03374235673300717)	(84.0, 0.028969542204850998)	(85.0, 0.024864893156556354)	(86.0, 0.020865894205504772)	(87.0, 0.01804760647634525)	(88.0, 0.015483450062175795)	(89.0, 0.013316195364676224)	(90.0, 0.011174639339479018)	(91.0, 0.010349426417769696)	(92.0, 0.00956561691254752)	(93.0, 0.00892743321703875)	(94.0, 0.008286394113496388)	(95.0, 0.00803940131859031)	(96.0, 0.007792408523684232)	(97.0, 0.008680440422132674)	(98.0, 0.009568472320581113)	(99.0, 0.023608513621773995)	(100.0, 0.03764855492296687)
