Sample	0	1	2	3	4	5	6	7	8	9	10	11	12	13	14	15	16	17	18	19	20	21	22	23	24	25	26	27	28	29	30	31	32	33	34	35	36	37	38	39	40	41	42	43	44	45	46	47	48	49	50	51	52	53	54	55	56	57	58	59	60	61	62	63	64	65	66	67	68	69	70	71	72	73	74	75	76	77	78	79	80	81	82	83	84	85	86	87	88	89	90	91	92	93	94	95	96	97	98	99	100
SRR18306560_1	(0.0, 4724371.0)	(1.0, 4724371.0)	(2.0, 2362340.5)	(3.0, 310.0)	(4.0, 310.0)	(5.0, 364.5)	(6.0, 419.0)	(7.0, 419.0)	(8.0, 419.0)	(9.0, 672.0)	(10.0, 925.0)	(11.0, 925.0)	(12.0, 925.0)	(13.0, 1339.0)	(14.0, 1753.0)	(15.0, 1753.0)	(16.0, 2742.0)	(17.0, 3731.0)	(18.0, 3731.0)	(19.0, 3731.0)	(20.0, 8473.0)	(21.0, 13215.0)	(22.0, 13215.0)	(23.0, 35380.0)	(24.0, 57545.0)	(25.0, 57545.0)	(26.0, 57545.0)	(27.0, 124997.0)	(28.0, 192449.0)	(29.0, 192449.0)	(30.0, 337859.0)	(31.0, 483269.0)	(32.0, 483269.0)	(33.0, 483269.0)	(34.0, 709054.0)	(35.0, 934839.0)	(36.0, 934839.0)	(37.0, 934839.0)	(38.0, 1184838.0)	(39.0, 1434837.0)	(40.0, 1434837.0)	(41.0, 1605691.0)	(42.0, 1776545.0)	(43.0, 1776545.0)	(44.0, 1776545.0)	(45.0, 1797989.0)	(46.0, 1819433.0)	(47.0, 1819433.0)	(48.0, 1679300.0)	(49.0, 1539167.0)	(50.0, 1539167.0)	(51.0, 1539167.0)	(52.0, 1314076.5)	(53.0, 1088986.0)	(54.0, 1088986.0)	(55.0, 864255.5)	(56.0, 639525.0)	(57.0, 639525.0)	(58.0, 639525.0)	(59.0, 475295.5)	(60.0, 311066.0)	(61.0, 311066.0)	(62.0, 311066.0)	(63.0, 218023.0)	(64.0, 124980.0)	(65.0, 124980.0)	(66.0, 82793.0)	(67.0, 40606.0)	(68.0, 40606.0)	(69.0, 40606.0)	(70.0, 25910.5)	(71.0, 11215.0)	(72.0, 11215.0)	(73.0, 6976.5)	(74.0, 2738.0)	(75.0, 2738.0)	(76.0, 2738.0)	(77.0, 1799.0)	(78.0, 860.0)	(79.0, 860.0)	(80.0, 755.5)	(81.0, 651.0)	(82.0, 651.0)	(83.0, 651.0)	(84.0, 608.0)	(85.0, 565.0)	(86.0, 565.0)	(87.0, 565.0)	(88.0, 407.5)	(89.0, 250.0)	(90.0, 250.0)	(91.0, 152.0)	(92.0, 54.0)	(93.0, 54.0)	(94.0, 54.0)	(95.0, 93.5)	(96.0, 133.0)	(97.0, 133.0)	(98.0, 328.5)	(99.0, 524.0)	(100.0, 524.0)
SRR18306560_2	(0.0, 12739.0)	(1.0, 12079.0)	(2.0, 7673.5)	(3.0, 4072.0)	(4.0, 4216.5)	(5.0, 4025.0)	(6.0, 3839.0)	(7.0, 3984.5)	(8.0, 4098.5)	(9.0, 4927.0)	(10.0, 5800.0)	(11.0, 7354.0)	(12.0, 8910.5)	(13.0, 10917.0)	(14.0, 13122.5)	(15.0, 17952.5)	(16.0, 23129.0)	(17.0, 32306.0)	(18.0, 41513.0)	(19.0, 57437.5)	(20.0, 74459.0)	(21.0, 94447.0)	(22.0, 113883.5)	(23.0, 138901.0)	(24.0, 164650.5)	(25.0, 189940.0)	(26.0, 220885.5)	(27.0, 256424.0)	(28.0, 294788.0)	(29.0, 325332.5)	(30.0, 355386.5)	(31.0, 393398.0)	(32.0, 429980.0)	(33.0, 473772.0)	(34.0, 526828.5)	(35.0, 583025.0)	(36.0, 631564.5)	(37.0, 675840.0)	(38.0, 726768.5)	(39.0, 789918.5)	(40.0, 847012.5)	(41.0, 872656.5)	(42.0, 906792.0)	(43.0, 931770.5)	(44.0, 947204.5)	(45.0, 956325.5)	(46.0, 951066.0)	(47.0, 931855.5)	(48.0, 928923.0)	(49.0, 943937.5)	(50.0, 953573.0)	(51.0, 943806.5)	(52.0, 929242.0)	(53.0, 920631.0)	(54.0, 905586.0)	(55.0, 873849.0)	(56.0, 841740.0)	(57.0, 799002.0)	(58.0, 748611.5)	(59.0, 700907.5)	(60.0, 648367.0)	(61.0, 578215.0)	(62.0, 508727.0)	(63.0, 452023.5)	(64.0, 401048.0)	(65.0, 369571.0)	(66.0, 332958.5)	(67.0, 288474.0)	(68.0, 250281.5)	(69.0, 219173.5)	(70.0, 186740.0)	(71.0, 154560.5)	(72.0, 120108.5)	(73.0, 91741.5)	(74.0, 67668.5)	(75.0, 50597.0)	(76.0, 42227.0)	(77.0, 35581.0)	(78.0, 28986.0)	(79.0, 23411.0)	(80.0, 18365.0)	(81.0, 15418.5)	(82.0, 12768.5)	(83.0, 11180.5)	(84.0, 9623.0)	(85.0, 8526.0)	(86.0, 7479.0)	(87.0, 6572.5)	(88.0, 5729.5)	(89.0, 5084.0)	(90.0, 4445.0)	(91.0, 4096.5)	(92.0, 3761.0)	(93.0, 3608.5)	(94.0, 3456.5)	(95.0, 3366.0)	(96.0, 3276.0)	(97.0, 3668.0)	(98.0, 4060.0)	(99.0, 9440.5)	(100.0, 14821.0)
SRR18306561_1	(0.0, 4132232.0)	(1.0, 4132232.0)	(2.0, 2066265.0)	(3.0, 298.0)	(4.0, 298.0)	(5.0, 325.5)	(6.0, 353.0)	(7.0, 353.0)	(8.0, 353.0)	(9.0, 585.0)	(10.0, 817.0)	(11.0, 817.0)	(12.0, 817.0)	(13.0, 1177.5)	(14.0, 1538.0)	(15.0, 1538.0)	(16.0, 2361.0)	(17.0, 3184.0)	(18.0, 3184.0)	(19.0, 3184.0)	(20.0, 7522.5)	(21.0, 11861.0)	(22.0, 11861.0)	(23.0, 31142.5)	(24.0, 50424.0)	(25.0, 50424.0)	(26.0, 50424.0)	(27.0, 109569.0)	(28.0, 168714.0)	(29.0, 168714.0)	(30.0, 296228.0)	(31.0, 423742.0)	(32.0, 423742.0)	(33.0, 423742.0)	(34.0, 621355.5)	(35.0, 818969.0)	(36.0, 818969.0)	(37.0, 818969.0)	(38.0, 1036474.0)	(39.0, 1253979.0)	(40.0, 1253979.0)	(41.0, 1403889.5)	(42.0, 1553800.0)	(43.0, 1553800.0)	(44.0, 1553800.0)	(45.0, 1573643.0)	(46.0, 1593486.0)	(47.0, 1593486.0)	(48.0, 1469583.0)	(49.0, 1345680.0)	(50.0, 1345680.0)	(51.0, 1345680.0)	(52.0, 1148651.0)	(53.0, 951622.0)	(54.0, 951622.0)	(55.0, 755422.0)	(56.0, 559222.0)	(57.0, 559222.0)	(58.0, 559222.0)	(59.0, 416147.0)	(60.0, 273072.0)	(61.0, 273072.0)	(62.0, 273072.0)	(63.0, 191051.5)	(64.0, 109031.0)	(65.0, 109031.0)	(66.0, 72559.0)	(67.0, 36087.0)	(68.0, 36087.0)	(69.0, 36087.0)	(70.0, 23056.0)	(71.0, 10025.0)	(72.0, 10025.0)	(73.0, 6283.5)	(74.0, 2542.0)	(75.0, 2542.0)	(76.0, 2542.0)	(77.0, 1623.0)	(78.0, 704.0)	(79.0, 704.0)	(80.0, 541.0)	(81.0, 378.0)	(82.0, 378.0)	(83.0, 378.0)	(84.0, 313.0)	(85.0, 248.0)	(86.0, 248.0)	(87.0, 248.0)	(88.0, 171.5)	(89.0, 95.0)	(90.0, 95.0)	(91.0, 71.5)	(92.0, 48.0)	(93.0, 48.0)	(94.0, 48.0)	(95.0, 88.0)	(96.0, 128.0)	(97.0, 128.0)	(98.0, 626.0)	(99.0, 1124.0)	(100.0, 1124.0)
SRR18306561_2	(0.0, 12003.0)	(1.0, 11404.0)	(2.0, 7224.0)	(3.0, 3771.0)	(4.0, 3902.5)	(5.0, 3642.5)	(6.0, 3381.0)	(7.0, 3591.5)	(8.0, 3790.0)	(9.0, 4411.0)	(10.0, 5060.5)	(11.0, 6679.5)	(12.0, 8289.0)	(13.0, 9994.5)	(14.0, 11895.0)	(15.0, 16268.5)	(16.0, 20916.0)	(17.0, 29065.5)	(18.0, 37243.5)	(19.0, 51007.5)	(20.0, 65742.5)	(21.0, 83401.0)	(22.0, 100554.0)	(23.0, 122774.0)	(24.0, 145789.5)	(25.0, 167817.0)	(26.0, 194431.0)	(27.0, 225217.0)	(28.0, 258646.0)	(29.0, 285595.0)	(30.0, 312193.0)	(31.0, 345997.0)	(32.0, 378488.0)	(33.0, 415927.0)	(34.0, 461621.5)	(35.0, 510620.5)	(36.0, 552989.0)	(37.0, 591937.5)	(38.0, 635953.5)	(39.0, 690765.0)	(40.0, 741126.0)	(41.0, 763622.0)	(42.0, 792255.0)	(43.0, 812625.5)	(44.0, 826116.5)	(45.0, 835471.0)	(46.0, 832184.0)	(47.0, 814641.0)	(48.0, 810755.0)	(49.0, 823420.0)	(50.0, 832033.0)	(51.0, 824039.0)	(52.0, 810403.0)	(53.0, 801682.0)	(54.0, 789388.0)	(55.0, 764041.5)	(56.0, 736742.5)	(57.0, 698023.5)	(58.0, 653657.0)	(59.0, 612369.0)	(60.0, 566181.5)	(61.0, 504591.0)	(62.0, 444035.0)	(63.0, 395385.5)	(64.0, 351221.5)	(65.0, 322787.0)	(66.0, 290152.5)	(67.0, 252271.5)	(68.0, 220006.0)	(69.0, 192652.0)	(70.0, 163806.5)	(71.0, 135429.5)	(72.0, 105422.0)	(73.0, 80917.5)	(74.0, 60045.5)	(75.0, 44863.0)	(76.0, 37288.5)	(77.0, 31483.5)	(78.0, 25611.0)	(79.0, 20677.5)	(80.0, 16307.5)	(81.0, 13784.5)	(82.0, 11460.0)	(83.0, 9960.0)	(84.0, 8533.5)	(85.0, 7497.5)	(86.0, 6478.5)	(87.0, 5763.0)	(88.0, 5110.5)	(89.0, 4503.5)	(90.0, 3902.5)	(91.0, 3718.5)	(92.0, 3544.5)	(93.0, 3365.5)	(94.0, 3187.0)	(95.0, 3171.5)	(96.0, 3156.0)	(97.0, 3346.5)	(98.0, 3537.0)	(99.0, 7812.5)	(100.0, 12088.0)
SRR18306562_1	(0.0, 4166428.0)	(1.0, 4166428.0)	(2.0, 2083354.5)	(3.0, 281.0)	(4.0, 281.0)	(5.0, 328.0)	(6.0, 375.0)	(7.0, 375.0)	(8.0, 375.0)	(9.0, 618.5)	(10.0, 862.0)	(11.0, 862.0)	(12.0, 862.0)	(13.0, 1198.5)	(14.0, 1535.0)	(15.0, 1535.0)	(16.0, 2410.5)	(17.0, 3286.0)	(18.0, 3286.0)	(19.0, 3286.0)	(20.0, 7508.5)	(21.0, 11731.0)	(22.0, 11731.0)	(23.0, 31341.5)	(24.0, 50952.0)	(25.0, 50952.0)	(26.0, 50952.0)	(27.0, 110759.5)	(28.0, 170567.0)	(29.0, 170567.0)	(30.0, 299377.0)	(31.0, 428187.0)	(32.0, 428187.0)	(33.0, 428187.0)	(34.0, 626884.0)	(35.0, 825581.0)	(36.0, 825581.0)	(37.0, 825581.0)	(38.0, 1046806.0)	(39.0, 1268031.0)	(40.0, 1268031.0)	(41.0, 1417839.0)	(42.0, 1567647.0)	(43.0, 1567647.0)	(44.0, 1567647.0)	(45.0, 1585662.5)	(46.0, 1603678.0)	(47.0, 1603678.0)	(48.0, 1480450.0)	(49.0, 1357222.0)	(50.0, 1357222.0)	(51.0, 1357222.0)	(52.0, 1158360.5)	(53.0, 959499.0)	(54.0, 959499.0)	(55.0, 761570.5)	(56.0, 563642.0)	(57.0, 563642.0)	(58.0, 563642.0)	(59.0, 418693.0)	(60.0, 273744.0)	(61.0, 273744.0)	(62.0, 273744.0)	(63.0, 191806.5)	(64.0, 109869.0)	(65.0, 109869.0)	(66.0, 72922.5)	(67.0, 35976.0)	(68.0, 35976.0)	(69.0, 35976.0)	(70.0, 23013.5)	(71.0, 10051.0)	(72.0, 10051.0)	(73.0, 6250.0)	(74.0, 2449.0)	(75.0, 2449.0)	(76.0, 2449.0)	(77.0, 1595.0)	(78.0, 741.0)	(79.0, 741.0)	(80.0, 616.0)	(81.0, 491.0)	(82.0, 491.0)	(83.0, 491.0)	(84.0, 439.0)	(85.0, 387.0)	(86.0, 387.0)	(87.0, 387.0)	(88.0, 273.0)	(89.0, 159.0)	(90.0, 159.0)	(91.0, 106.5)	(92.0, 54.0)	(93.0, 54.0)	(94.0, 54.0)	(95.0, 69.0)	(96.0, 84.0)	(97.0, 84.0)	(98.0, 250.5)	(99.0, 417.0)	(100.0, 417.0)
SRR18306562_2	(0.0, 7965.0)	(1.0, 7123.5)	(2.0, 4513.0)	(3.0, 3021.0)	(4.0, 3299.0)	(5.0, 3232.5)	(6.0, 3165.0)	(7.0, 3397.0)	(8.0, 3617.0)	(9.0, 4257.0)	(10.0, 4928.0)	(11.0, 6418.5)	(12.0, 7906.5)	(13.0, 9675.5)	(14.0, 11639.5)	(15.0, 15881.5)	(16.0, 20382.0)	(17.0, 28635.5)	(18.0, 36972.5)	(19.0, 51077.5)	(20.0, 66095.0)	(21.0, 83794.5)	(22.0, 100952.5)	(23.0, 123224.0)	(24.0, 146447.5)	(25.0, 169730.0)	(26.0, 197725.5)	(27.0, 228546.0)	(28.0, 262045.0)	(29.0, 288866.0)	(30.0, 315042.0)	(31.0, 349011.5)	(32.0, 381614.5)	(33.0, 420045.5)	(34.0, 466844.5)	(35.0, 515575.0)	(36.0, 557598.0)	(37.0, 597281.0)	(38.0, 642237.5)	(39.0, 697665.0)	(40.0, 748447.0)	(41.0, 771059.5)	(42.0, 800834.5)	(43.0, 822388.5)	(44.0, 835710.5)	(45.0, 843744.0)	(46.0, 838985.0)	(47.0, 821756.5)	(48.0, 819185.5)	(49.0, 831888.0)	(50.0, 839487.0)	(51.0, 830831.0)	(52.0, 817663.0)	(53.0, 810081.0)	(54.0, 798086.5)	(55.0, 771047.5)	(56.0, 742575.5)	(57.0, 704049.0)	(58.0, 658871.5)	(59.0, 616905.5)	(60.0, 570936.5)	(61.0, 508608.5)	(62.0, 447277.0)	(63.0, 398582.0)	(64.0, 353945.5)	(65.0, 325389.5)	(66.0, 292357.5)	(67.0, 252551.0)	(68.0, 219571.0)	(69.0, 193828.5)	(70.0, 165607.0)	(71.0, 136532.5)	(72.0, 106172.5)	(73.0, 81408.0)	(74.0, 60063.0)	(75.0, 44707.5)	(76.0, 37246.0)	(77.0, 31470.5)	(78.0, 25549.0)	(79.0, 20531.5)	(80.0, 16086.0)	(81.0, 13492.0)	(82.0, 11149.5)	(83.0, 9677.5)	(84.0, 8270.5)	(85.0, 7318.5)	(86.0, 6320.5)	(87.0, 5613.5)	(88.0, 5015.5)	(89.0, 4384.5)	(90.0, 3758.0)	(91.0, 3449.5)	(92.0, 3151.0)	(93.0, 3038.0)	(94.0, 2925.0)	(95.0, 2909.0)	(96.0, 2893.0)	(97.0, 3172.5)	(98.0, 3452.0)	(99.0, 8235.5)	(100.0, 13019.0)
SRR18306563_1	(0.0, 4126923.0)	(1.0, 4126923.0)	(2.0, 2063597.5)	(3.0, 272.0)	(4.0, 272.0)	(5.0, 354.0)	(6.0, 436.0)	(7.0, 436.0)	(8.0, 436.0)	(9.0, 660.0)	(10.0, 884.0)	(11.0, 884.0)	(12.0, 884.0)	(13.0, 1248.5)	(14.0, 1613.0)	(15.0, 1613.0)	(16.0, 2454.0)	(17.0, 3295.0)	(18.0, 3295.0)	(19.0, 3295.0)	(20.0, 7443.5)	(21.0, 11592.0)	(22.0, 11592.0)	(23.0, 31009.5)	(24.0, 50427.0)	(25.0, 50427.0)	(26.0, 50427.0)	(27.0, 109778.0)	(28.0, 169129.0)	(29.0, 169129.0)	(30.0, 295727.5)	(31.0, 422326.0)	(32.0, 422326.0)	(33.0, 422326.0)	(34.0, 620857.0)	(35.0, 819388.0)	(36.0, 819388.0)	(37.0, 819388.0)	(38.0, 1036089.5)	(39.0, 1252791.0)	(40.0, 1252791.0)	(41.0, 1403914.0)	(42.0, 1555037.0)	(43.0, 1555037.0)	(44.0, 1555037.0)	(45.0, 1573499.0)	(46.0, 1591961.0)	(47.0, 1591961.0)	(48.0, 1470043.0)	(49.0, 1348125.0)	(50.0, 1348125.0)	(51.0, 1348125.0)	(52.0, 1149634.0)	(53.0, 951143.0)	(54.0, 951143.0)	(55.0, 754833.5)	(56.0, 558524.0)	(57.0, 558524.0)	(58.0, 558524.0)	(59.0, 415297.5)	(60.0, 272071.0)	(61.0, 272071.0)	(62.0, 272071.0)	(63.0, 190531.0)	(64.0, 108991.0)	(65.0, 108991.0)	(66.0, 72407.5)	(67.0, 35824.0)	(68.0, 35824.0)	(69.0, 35824.0)	(70.0, 22818.0)	(71.0, 9812.0)	(72.0, 9812.0)	(73.0, 6123.0)	(74.0, 2434.0)	(75.0, 2434.0)	(76.0, 2434.0)	(77.0, 1572.5)	(78.0, 711.0)	(79.0, 711.0)	(80.0, 548.0)	(81.0, 385.0)	(82.0, 385.0)	(83.0, 385.0)	(84.0, 328.5)	(85.0, 272.0)	(86.0, 272.0)	(87.0, 272.0)	(88.0, 182.0)	(89.0, 92.0)	(90.0, 92.0)	(91.0, 67.5)	(92.0, 43.0)	(93.0, 43.0)	(94.0, 43.0)	(95.0, 75.0)	(96.0, 107.0)	(97.0, 107.0)	(98.0, 534.0)	(99.0, 961.0)	(100.0, 961.0)
SRR18306563_2	(0.0, 8217.0)	(1.0, 7454.5)	(2.0, 4673.0)	(3.0, 2938.0)	(4.0, 3228.5)	(5.0, 3143.0)	(6.0, 3059.0)	(7.0, 3313.5)	(8.0, 3567.5)	(9.0, 4230.5)	(10.0, 4895.0)	(11.0, 6327.0)	(12.0, 7769.0)	(13.0, 9601.5)	(14.0, 11630.0)	(15.0, 16045.5)	(16.0, 20770.5)	(17.0, 28591.0)	(18.0, 36387.5)	(19.0, 50668.0)	(20.0, 65922.5)	(21.0, 82800.5)	(22.0, 99080.5)	(23.0, 121263.0)	(24.0, 144333.0)	(25.0, 166761.0)	(26.0, 194153.5)	(27.0, 225303.0)	(28.0, 259260.0)	(29.0, 286671.5)	(30.0, 313068.5)	(31.0, 346615.5)	(32.0, 378916.5)	(33.0, 417048.5)	(34.0, 463184.5)	(35.0, 511408.0)	(36.0, 553216.5)	(37.0, 592210.5)	(38.0, 636457.0)	(39.0, 691322.5)	(40.0, 741490.0)	(41.0, 763672.0)	(42.0, 792818.0)	(43.0, 814356.5)	(44.0, 828411.0)	(45.0, 837124.0)	(46.0, 832582.0)	(47.0, 814734.0)	(48.0, 810983.5)	(49.0, 823938.5)	(50.0, 832190.5)	(51.0, 823137.0)	(52.0, 810358.0)	(53.0, 803244.0)	(54.0, 790641.5)	(55.0, 763142.0)	(56.0, 735085.5)	(57.0, 697523.5)	(58.0, 653093.5)	(59.0, 610909.0)	(60.0, 564472.5)	(61.0, 503244.5)	(62.0, 442796.0)	(63.0, 393704.5)	(64.0, 349703.0)	(65.0, 322346.0)	(66.0, 290313.5)	(67.0, 251783.5)	(68.0, 218673.5)	(69.0, 191334.5)	(70.0, 162789.5)	(71.0, 134736.0)	(72.0, 105135.5)	(73.0, 80640.5)	(74.0, 59713.5)	(75.0, 44663.5)	(76.0, 37259.5)	(77.0, 31520.0)	(78.0, 25586.5)	(79.0, 20608.5)	(80.0, 16213.0)	(81.0, 13752.5)	(82.0, 11526.5)	(83.0, 10089.5)	(84.0, 8703.5)	(85.0, 7648.5)	(86.0, 6616.5)	(87.0, 5889.5)	(88.0, 5224.0)	(89.0, 4678.5)	(90.0, 4138.0)	(91.0, 3933.5)	(92.0, 3742.5)	(93.0, 3553.5)	(94.0, 3365.0)	(95.0, 3371.5)	(96.0, 3378.0)	(97.0, 3725.0)	(98.0, 4072.0)	(99.0, 8943.0)	(100.0, 13814.0)
SRR18306564_1	(0.0, 3722509.0)	(1.0, 3722509.0)	(2.0, 1861389.0)	(3.0, 269.0)	(4.0, 269.0)	(5.0, 300.5)	(6.0, 332.0)	(7.0, 332.0)	(8.0, 332.0)	(9.0, 547.0)	(10.0, 762.0)	(11.0, 762.0)	(12.0, 762.0)	(13.0, 1044.5)	(14.0, 1327.0)	(15.0, 1327.0)	(16.0, 2154.0)	(17.0, 2981.0)	(18.0, 2981.0)	(19.0, 2981.0)	(20.0, 6765.0)	(21.0, 10549.0)	(22.0, 10549.0)	(23.0, 27937.5)	(24.0, 45326.0)	(25.0, 45326.0)	(26.0, 45326.0)	(27.0, 98311.5)	(28.0, 151297.0)	(29.0, 151297.0)	(30.0, 266322.5)	(31.0, 381348.0)	(32.0, 381348.0)	(33.0, 381348.0)	(34.0, 559696.5)	(35.0, 738045.0)	(36.0, 738045.0)	(37.0, 738045.0)	(38.0, 935642.5)	(39.0, 1133240.0)	(40.0, 1133240.0)	(41.0, 1266589.5)	(42.0, 1399939.0)	(43.0, 1399939.0)	(44.0, 1399939.0)	(45.0, 1416255.0)	(46.0, 1432571.0)	(47.0, 1432571.0)	(48.0, 1323481.0)	(49.0, 1214391.0)	(50.0, 1214391.0)	(51.0, 1214391.0)	(52.0, 1035287.0)	(53.0, 856183.0)	(54.0, 856183.0)	(55.0, 679438.0)	(56.0, 502693.0)	(57.0, 502693.0)	(58.0, 502693.0)	(59.0, 373673.0)	(60.0, 244653.0)	(61.0, 244653.0)	(62.0, 244653.0)	(63.0, 171325.0)	(64.0, 97997.0)	(65.0, 97997.0)	(66.0, 65258.5)	(67.0, 32520.0)	(68.0, 32520.0)	(69.0, 32520.0)	(70.0, 20737.5)	(71.0, 8955.0)	(72.0, 8955.0)	(73.0, 5576.0)	(74.0, 2197.0)	(75.0, 2197.0)	(76.0, 2197.0)	(77.0, 1421.0)	(78.0, 645.0)	(79.0, 645.0)	(80.0, 549.5)	(81.0, 454.0)	(82.0, 454.0)	(83.0, 454.0)	(84.0, 434.5)	(85.0, 415.0)	(86.0, 415.0)	(87.0, 415.0)	(88.0, 293.5)	(89.0, 172.0)	(90.0, 172.0)	(91.0, 109.5)	(92.0, 47.0)	(93.0, 47.0)	(94.0, 47.0)	(95.0, 73.0)	(96.0, 99.0)	(97.0, 99.0)	(98.0, 256.5)	(99.0, 414.0)	(100.0, 414.0)
SRR18306564_2	(0.0, 10183.0)	(1.0, 9660.5)	(2.0, 6189.5)	(3.0, 3362.0)	(4.0, 3487.5)	(5.0, 3299.5)	(6.0, 3114.5)	(7.0, 3290.5)	(8.0, 3449.0)	(9.0, 4100.5)	(10.0, 4768.5)	(11.0, 6057.0)	(12.0, 7355.0)	(13.0, 9007.0)	(14.0, 10841.0)	(15.0, 14719.0)	(16.0, 18839.0)	(17.0, 26147.5)	(18.0, 33503.0)	(19.0, 46261.0)	(20.0, 59853.5)	(21.0, 75391.0)	(22.0, 90490.0)	(23.0, 110153.0)	(24.0, 130420.5)	(25.0, 150863.5)	(26.0, 175936.5)	(27.0, 204045.5)	(28.0, 234195.5)	(29.0, 258421.5)	(30.0, 282766.5)	(31.0, 313055.0)	(32.0, 341091.5)	(33.0, 374907.5)	(34.0, 417000.5)	(35.0, 461035.5)	(36.0, 498465.5)	(37.0, 533692.5)	(38.0, 573942.0)	(39.0, 623637.5)	(40.0, 669128.0)	(41.0, 688298.0)	(42.0, 713873.5)	(43.0, 733264.0)	(44.0, 745527.5)	(45.0, 752970.5)	(46.0, 748940.0)	(47.0, 733985.5)	(48.0, 731235.0)	(49.0, 742417.5)	(50.0, 749723.0)	(51.0, 742289.0)	(52.0, 731248.5)	(53.0, 723816.5)	(54.0, 711795.5)	(55.0, 687756.5)	(56.0, 662653.5)	(57.0, 628538.5)	(58.0, 588412.5)	(59.0, 551125.5)	(60.0, 510363.0)	(61.0, 453845.0)	(62.0, 398145.0)	(63.0, 354650.0)	(64.0, 315202.0)	(65.0, 290497.5)	(66.0, 261855.5)	(67.0, 226386.0)	(68.0, 195763.5)	(69.0, 171779.0)	(70.0, 146702.5)	(71.0, 121130.0)	(72.0, 94171.5)	(73.0, 72008.0)	(74.0, 53065.5)	(75.0, 39682.0)	(76.0, 33129.0)	(77.0, 27813.0)	(78.0, 22430.5)	(79.0, 18170.5)	(80.0, 14374.5)	(81.0, 12057.5)	(82.0, 9932.0)	(83.0, 8618.5)	(84.0, 7380.5)	(85.0, 6530.0)	(86.0, 5694.5)	(87.0, 5032.5)	(88.0, 4431.0)	(89.0, 3918.5)	(90.0, 3396.0)	(91.0, 3095.5)	(92.0, 2815.0)	(93.0, 2699.0)	(94.0, 2584.0)	(95.0, 2510.5)	(96.0, 2437.0)	(97.0, 2726.0)	(98.0, 3015.0)	(99.0, 7034.5)	(100.0, 11054.0)
SRR18306565_1	(0.0, 3685553.0)	(1.0, 3685553.0)	(2.0, 1842896.0)	(3.0, 239.0)	(4.0, 239.0)	(5.0, 280.5)	(6.0, 322.0)	(7.0, 322.0)	(8.0, 322.0)	(9.0, 511.0)	(10.0, 700.0)	(11.0, 700.0)	(12.0, 700.0)	(13.0, 1053.0)	(14.0, 1406.0)	(15.0, 1406.0)	(16.0, 2225.0)	(17.0, 3044.0)	(18.0, 3044.0)	(19.0, 3044.0)	(20.0, 6783.0)	(21.0, 10522.0)	(22.0, 10522.0)	(23.0, 27853.5)	(24.0, 45185.0)	(25.0, 45185.0)	(26.0, 45185.0)	(27.0, 98223.5)	(28.0, 151262.0)	(29.0, 151262.0)	(30.0, 264086.0)	(31.0, 376910.0)	(32.0, 376910.0)	(33.0, 376910.0)	(34.0, 553892.5)	(35.0, 730875.0)	(36.0, 730875.0)	(37.0, 730875.0)	(38.0, 925342.0)	(39.0, 1119809.0)	(40.0, 1119809.0)	(41.0, 1253766.0)	(42.0, 1387723.0)	(43.0, 1387723.0)	(44.0, 1387723.0)	(45.0, 1404305.5)	(46.0, 1420888.0)	(47.0, 1420888.0)	(48.0, 1311016.5)	(49.0, 1201145.0)	(50.0, 1201145.0)	(51.0, 1201145.0)	(52.0, 1026025.0)	(53.0, 850905.0)	(54.0, 850905.0)	(55.0, 675043.5)	(56.0, 499182.0)	(57.0, 499182.0)	(58.0, 499182.0)	(59.0, 371256.0)	(60.0, 243330.0)	(61.0, 243330.0)	(62.0, 243330.0)	(63.0, 170651.0)	(64.0, 97972.0)	(65.0, 97972.0)	(66.0, 65218.5)	(67.0, 32465.0)	(68.0, 32465.0)	(69.0, 32465.0)	(70.0, 20669.0)	(71.0, 8873.0)	(72.0, 8873.0)	(73.0, 5514.0)	(74.0, 2155.0)	(75.0, 2155.0)	(76.0, 2155.0)	(77.0, 1427.0)	(78.0, 699.0)	(79.0, 699.0)	(80.0, 499.5)	(81.0, 300.0)	(82.0, 300.0)	(83.0, 300.0)	(84.0, 257.0)	(85.0, 214.0)	(86.0, 214.0)	(87.0, 214.0)	(88.0, 146.5)	(89.0, 79.0)	(90.0, 79.0)	(91.0, 62.0)	(92.0, 45.0)	(93.0, 45.0)	(94.0, 45.0)	(95.0, 68.0)	(96.0, 91.0)	(97.0, 91.0)	(98.0, 528.5)	(99.0, 966.0)	(100.0, 966.0)
SRR18306565_2	(0.0, 10878.0)	(1.0, 10265.5)	(2.0, 6469.0)	(3.0, 3444.5)	(4.0, 3607.0)	(5.0, 3360.5)	(6.0, 3114.0)	(7.0, 3348.5)	(8.0, 3575.0)	(9.0, 4240.5)	(10.0, 4921.5)	(11.0, 6197.5)	(12.0, 7480.0)	(13.0, 9194.0)	(14.0, 11073.5)	(15.0, 14923.0)	(16.0, 19037.5)	(17.0, 26365.0)	(18.0, 33650.5)	(19.0, 46456.5)	(20.0, 60218.0)	(21.0, 75653.0)	(22.0, 90561.0)	(23.0, 110428.0)	(24.0, 131085.5)	(25.0, 150545.5)	(26.0, 174190.5)	(27.0, 202130.5)	(28.0, 232076.5)	(29.0, 255773.5)	(30.0, 279594.5)	(31.0, 309199.0)	(32.0, 336887.0)	(33.0, 370473.0)	(34.0, 412243.5)	(35.0, 456312.5)	(36.0, 493974.0)	(37.0, 529010.0)	(38.0, 568990.5)	(39.0, 618300.0)	(40.0, 663320.0)	(41.0, 682300.5)	(42.0, 707268.0)	(43.0, 726246.0)	(44.0, 738593.0)	(45.0, 745531.5)	(46.0, 740734.5)	(47.0, 725871.0)	(48.0, 723616.5)	(49.0, 734692.5)	(50.0, 741867.5)	(51.0, 734308.5)	(52.0, 723278.0)	(53.0, 716424.5)	(54.0, 704292.0)	(55.0, 680748.0)	(56.0, 657338.5)	(57.0, 623620.0)	(58.0, 583188.0)	(59.0, 545673.0)	(60.0, 504805.0)	(61.0, 449713.0)	(62.0, 395241.5)	(63.0, 352581.5)	(64.0, 313875.0)	(65.0, 288198.5)	(66.0, 258551.5)	(67.0, 224002.0)	(68.0, 194851.0)	(69.0, 170831.5)	(70.0, 145360.5)	(71.0, 119819.5)	(72.0, 93004.0)	(73.0, 71625.5)	(74.0, 53316.5)	(75.0, 39710.5)	(76.0, 32894.0)	(77.0, 27819.5)	(78.0, 22655.5)	(79.0, 18241.5)	(80.0, 14378.0)	(81.0, 12054.0)	(82.0, 9878.5)	(83.0, 8662.0)	(84.0, 7510.5)	(85.0, 6536.0)	(86.0, 5569.0)	(87.0, 4861.0)	(88.0, 4214.5)	(89.0, 3763.5)	(90.0, 3319.0)	(91.0, 3049.5)	(92.0, 2794.0)	(93.0, 2593.5)	(94.0, 2392.5)	(95.0, 2329.5)	(96.0, 2267.0)	(97.0, 2531.0)	(98.0, 2795.0)	(99.0, 6184.5)	(100.0, 9574.0)
SRR18306566_1	(0.0, 3722002.0)	(1.0, 3722002.0)	(2.0, 1861131.5)	(3.0, 261.0)	(4.0, 261.0)	(5.0, 297.0)	(6.0, 333.0)	(7.0, 333.0)	(8.0, 333.0)	(9.0, 533.5)	(10.0, 734.0)	(11.0, 734.0)	(12.0, 734.0)	(13.0, 1082.0)	(14.0, 1430.0)	(15.0, 1430.0)	(16.0, 2273.5)	(17.0, 3117.0)	(18.0, 3117.0)	(19.0, 3117.0)	(20.0, 6923.0)	(21.0, 10729.0)	(22.0, 10729.0)	(23.0, 28154.5)	(24.0, 45580.0)	(25.0, 45580.0)	(26.0, 45580.0)	(27.0, 99101.5)	(28.0, 152623.0)	(29.0, 152623.0)	(30.0, 267874.5)	(31.0, 383126.0)	(32.0, 383126.0)	(33.0, 383126.0)	(34.0, 561414.0)	(35.0, 739702.0)	(36.0, 739702.0)	(37.0, 739702.0)	(38.0, 936108.0)	(39.0, 1132514.0)	(40.0, 1132514.0)	(41.0, 1266862.0)	(42.0, 1401210.0)	(43.0, 1401210.0)	(44.0, 1401210.0)	(45.0, 1417836.0)	(46.0, 1434462.0)	(47.0, 1434462.0)	(48.0, 1324079.0)	(49.0, 1213696.0)	(50.0, 1213696.0)	(51.0, 1213696.0)	(52.0, 1035424.5)	(53.0, 857153.0)	(54.0, 857153.0)	(55.0, 680089.0)	(56.0, 503025.0)	(57.0, 503025.0)	(58.0, 503025.0)	(59.0, 374472.0)	(60.0, 245919.0)	(61.0, 245919.0)	(62.0, 245919.0)	(63.0, 172359.0)	(64.0, 98799.0)	(65.0, 98799.0)	(66.0, 65690.0)	(67.0, 32581.0)	(68.0, 32581.0)	(69.0, 32581.0)	(70.0, 20822.5)	(71.0, 9064.0)	(72.0, 9064.0)	(73.0, 5557.0)	(74.0, 2050.0)	(75.0, 2050.0)	(76.0, 2050.0)	(77.0, 1365.5)	(78.0, 681.0)	(79.0, 681.0)	(80.0, 543.0)	(81.0, 405.0)	(82.0, 405.0)	(83.0, 405.0)	(84.0, 352.5)	(85.0, 300.0)	(86.0, 300.0)	(87.0, 300.0)	(88.0, 223.5)	(89.0, 147.0)	(90.0, 147.0)	(91.0, 101.5)	(92.0, 56.0)	(93.0, 56.0)	(94.0, 56.0)	(95.0, 82.0)	(96.0, 108.0)	(97.0, 108.0)	(98.0, 234.0)	(99.0, 360.0)	(100.0, 360.0)
SRR18306566_2	(0.0, 7248.0)	(1.0, 6527.5)	(2.0, 4214.5)	(3.0, 2838.0)	(4.0, 3056.0)	(5.0, 2982.5)	(6.0, 2911.0)	(7.0, 3164.5)	(8.0, 3409.5)	(9.0, 3975.0)	(10.0, 4562.5)	(11.0, 5969.0)	(12.0, 7376.0)	(13.0, 9074.0)	(14.0, 10958.0)	(15.0, 14827.5)	(16.0, 18918.5)	(17.0, 26185.0)	(18.0, 33481.0)	(19.0, 46259.5)	(20.0, 59869.0)	(21.0, 75264.5)	(22.0, 90305.5)	(23.0, 110506.5)	(24.0, 131413.5)	(25.0, 151654.5)	(26.0, 176015.0)	(27.0, 203942.0)	(28.0, 234699.5)	(29.0, 259168.5)	(30.0, 282645.0)	(31.0, 312223.0)	(32.0, 340596.0)	(33.0, 375286.0)	(34.0, 417841.5)	(35.0, 462158.0)	(36.0, 499956.5)	(37.0, 534808.5)	(38.0, 574900.0)	(39.0, 624553.0)	(40.0, 669329.5)	(41.0, 688314.0)	(42.0, 714246.0)	(43.0, 734628.5)	(44.0, 747668.5)	(45.0, 755542.5)	(46.0, 752150.5)	(47.0, 735630.0)	(48.0, 731331.5)	(49.0, 743258.0)	(50.0, 750580.5)	(51.0, 741589.0)	(52.0, 729894.0)	(53.0, 723911.5)	(54.0, 713175.5)	(55.0, 689338.5)	(56.0, 664127.0)	(57.0, 628895.5)	(58.0, 588071.0)	(59.0, 550312.5)	(60.0, 509263.0)	(61.0, 454666.0)	(62.0, 399876.5)	(63.0, 355506.5)	(64.0, 315671.5)	(65.0, 290144.5)	(66.0, 260905.0)	(67.0, 226606.5)	(68.0, 197063.5)	(69.0, 172595.5)	(70.0, 146817.0)	(71.0, 121039.5)	(72.0, 94169.5)	(73.0, 72405.0)	(74.0, 53576.0)	(75.0, 39892.0)	(76.0, 33227.0)	(77.0, 27899.5)	(78.0, 22449.0)	(79.0, 18099.0)	(80.0, 14230.0)	(81.0, 11892.5)	(82.0, 9789.5)	(83.0, 8560.0)	(84.0, 7360.5)	(85.0, 6481.0)	(86.0, 5634.0)	(87.0, 4992.0)	(88.0, 4399.5)	(89.0, 3849.5)	(90.0, 3303.5)	(91.0, 3098.0)	(92.0, 2906.0)	(93.0, 2697.0)	(94.0, 2487.0)	(95.0, 2503.5)	(96.0, 2520.0)	(97.0, 2790.0)	(98.0, 3060.0)	(99.0, 7212.5)	(100.0, 11365.0)
SRR18306567_1	(0.0, 3691436.0)	(1.0, 3691436.0)	(2.0, 1845837.0)	(3.0, 238.0)	(4.0, 238.0)	(5.0, 288.5)	(6.0, 339.0)	(7.0, 339.0)	(8.0, 339.0)	(9.0, 529.0)	(10.0, 719.0)	(11.0, 719.0)	(12.0, 719.0)	(13.0, 1071.5)	(14.0, 1424.0)	(15.0, 1424.0)	(16.0, 2226.0)	(17.0, 3028.0)	(18.0, 3028.0)	(19.0, 3028.0)	(20.0, 6852.0)	(21.0, 10676.0)	(22.0, 10676.0)	(23.0, 27887.5)	(24.0, 45099.0)	(25.0, 45099.0)	(26.0, 45099.0)	(27.0, 98303.0)	(28.0, 151507.0)	(29.0, 151507.0)	(30.0, 265456.5)	(31.0, 379406.0)	(32.0, 379406.0)	(33.0, 379406.0)	(34.0, 555648.5)	(35.0, 731891.0)	(36.0, 731891.0)	(37.0, 731891.0)	(38.0, 926797.5)	(39.0, 1121704.0)	(40.0, 1121704.0)	(41.0, 1256443.5)	(42.0, 1391183.0)	(43.0, 1391183.0)	(44.0, 1391183.0)	(45.0, 1405847.0)	(46.0, 1420511.0)	(47.0, 1420511.0)	(48.0, 1311725.0)	(49.0, 1202939.0)	(50.0, 1202939.0)	(51.0, 1202939.0)	(52.0, 1026759.5)	(53.0, 850580.0)	(54.0, 850580.0)	(55.0, 675205.5)	(56.0, 499831.0)	(57.0, 499831.0)	(58.0, 499831.0)	(59.0, 371468.5)	(60.0, 243106.0)	(61.0, 243106.0)	(62.0, 243106.0)	(63.0, 170194.5)	(64.0, 97283.0)	(65.0, 97283.0)	(66.0, 64684.0)	(67.0, 32085.0)	(68.0, 32085.0)	(69.0, 32085.0)	(70.0, 20446.5)	(71.0, 8808.0)	(72.0, 8808.0)	(73.0, 5477.5)	(74.0, 2147.0)	(75.0, 2147.0)	(76.0, 2147.0)	(77.0, 1429.0)	(78.0, 711.0)	(79.0, 711.0)	(80.0, 520.5)	(81.0, 330.0)	(82.0, 330.0)	(83.0, 330.0)	(84.0, 292.5)	(85.0, 255.0)	(86.0, 255.0)	(87.0, 255.0)	(88.0, 162.0)	(89.0, 69.0)	(90.0, 69.0)	(91.0, 49.5)	(92.0, 30.0)	(93.0, 30.0)	(94.0, 30.0)	(95.0, 58.5)	(96.0, 87.0)	(97.0, 87.0)	(98.0, 446.0)	(99.0, 805.0)	(100.0, 805.0)
SRR18306567_2	(0.0, 7537.0)	(1.0, 6824.0)	(2.0, 4312.0)	(3.0, 2702.5)	(4.0, 2892.5)	(5.0, 2839.0)	(6.0, 2784.5)	(7.0, 3098.5)	(8.0, 3410.5)	(9.0, 4045.0)	(10.0, 4687.0)	(11.0, 5977.0)	(12.0, 7275.0)	(13.0, 9063.0)	(14.0, 11034.5)	(15.0, 14789.5)	(16.0, 18805.0)	(17.0, 25924.0)	(18.0, 33015.0)	(19.0, 45573.0)	(20.0, 58990.0)	(21.0, 74542.5)	(22.0, 89649.0)	(23.0, 109799.5)	(24.0, 130676.5)	(25.0, 150596.5)	(26.0, 174880.5)	(27.0, 202397.0)	(28.0, 232053.5)	(29.0, 256036.0)	(30.0, 279818.5)	(31.0, 310220.0)	(32.0, 339336.5)	(33.0, 373005.0)	(34.0, 413759.0)	(35.0, 457575.5)	(36.0, 495843.0)	(37.0, 530797.0)	(38.0, 569850.5)	(39.0, 618263.5)	(40.0, 663212.0)	(41.0, 683606.5)	(42.0, 709581.0)	(43.0, 727962.0)	(44.0, 740024.5)	(45.0, 748180.0)	(46.0, 744549.0)	(47.0, 728593.5)	(48.0, 725292.0)	(49.0, 736374.5)	(50.0, 743292.5)	(51.0, 735710.5)	(52.0, 724220.0)	(53.0, 717376.5)	(54.0, 705906.0)	(55.0, 682147.5)	(56.0, 657722.5)	(57.0, 623687.0)	(58.0, 583753.5)	(59.0, 546581.0)	(60.0, 505589.5)	(61.0, 449905.0)	(62.0, 395078.5)	(63.0, 351603.5)	(64.0, 312303.5)	(65.0, 287680.0)	(66.0, 258951.5)	(67.0, 223989.5)	(68.0, 194310.0)	(69.0, 170667.5)	(70.0, 145814.0)	(71.0, 120572.0)	(72.0, 93829.0)	(73.0, 72050.0)	(74.0, 53271.5)	(75.0, 39593.5)	(76.0, 32896.5)	(77.0, 27821.5)	(78.0, 22630.5)	(79.0, 18213.5)	(80.0, 14289.0)	(81.0, 11988.0)	(82.0, 9876.5)	(83.0, 8659.5)	(84.0, 7505.0)	(85.0, 6632.0)	(86.0, 5760.5)	(87.0, 5118.0)	(88.0, 4542.0)	(89.0, 3925.0)	(90.0, 3316.5)	(91.0, 3095.0)	(92.0, 2883.0)	(93.0, 2795.5)	(94.0, 2709.0)	(95.0, 2657.0)	(96.0, 2605.0)	(97.0, 2849.5)	(98.0, 3094.0)	(99.0, 7187.0)	(100.0, 11280.0)
SRR18306568_1	(0.0, 4683003.0)	(1.0, 4683003.0)	(2.0, 2341646.5)	(3.0, 290.0)	(4.0, 290.0)	(5.0, 374.5)	(6.0, 459.0)	(7.0, 459.0)	(8.0, 459.0)	(9.0, 701.0)	(10.0, 943.0)	(11.0, 943.0)	(12.0, 943.0)	(13.0, 1334.5)	(14.0, 1726.0)	(15.0, 1726.0)	(16.0, 2804.5)	(17.0, 3883.0)	(18.0, 3883.0)	(19.0, 3883.0)	(20.0, 8534.5)	(21.0, 13186.0)	(22.0, 13186.0)	(23.0, 35196.0)	(24.0, 57206.0)	(25.0, 57206.0)	(26.0, 57206.0)	(27.0, 124026.0)	(28.0, 190846.0)	(29.0, 190846.0)	(30.0, 334579.0)	(31.0, 478312.0)	(32.0, 478312.0)	(33.0, 478312.0)	(34.0, 702382.0)	(35.0, 926452.0)	(36.0, 926452.0)	(37.0, 926452.0)	(38.0, 1173484.0)	(39.0, 1420516.0)	(40.0, 1420516.0)	(41.0, 1592190.5)	(42.0, 1763865.0)	(43.0, 1763865.0)	(44.0, 1763865.0)	(45.0, 1784636.0)	(46.0, 1805407.0)	(47.0, 1805407.0)	(48.0, 1666833.0)	(49.0, 1528259.0)	(50.0, 1528259.0)	(51.0, 1528259.0)	(52.0, 1304231.0)	(53.0, 1080203.0)	(54.0, 1080203.0)	(55.0, 857460.0)	(56.0, 634717.0)	(57.0, 634717.0)	(58.0, 634717.0)	(59.0, 471707.5)	(60.0, 308698.0)	(61.0, 308698.0)	(62.0, 308698.0)	(63.0, 216564.0)	(64.0, 124430.0)	(65.0, 124430.0)	(66.0, 82642.5)	(67.0, 40855.0)	(68.0, 40855.0)	(69.0, 40855.0)	(70.0, 26101.0)	(71.0, 11347.0)	(72.0, 11347.0)	(73.0, 7078.0)	(74.0, 2809.0)	(75.0, 2809.0)	(76.0, 2809.0)	(77.0, 1831.5)	(78.0, 854.0)	(79.0, 854.0)	(80.0, 643.5)	(81.0, 433.0)	(82.0, 433.0)	(83.0, 433.0)	(84.0, 369.5)	(85.0, 306.0)	(86.0, 306.0)	(87.0, 306.0)	(88.0, 202.0)	(89.0, 98.0)	(90.0, 98.0)	(91.0, 77.5)	(92.0, 57.0)	(93.0, 57.0)	(94.0, 57.0)	(95.0, 96.5)	(96.0, 136.0)	(97.0, 136.0)	(98.0, 707.5)	(99.0, 1279.0)	(100.0, 1279.0)
SRR18306568_2	(0.0, 13645.0)	(1.0, 12968.5)	(2.0, 8189.0)	(3.0, 4192.0)	(4.0, 4297.5)	(5.0, 4060.5)	(6.0, 3832.5)	(7.0, 4074.5)	(8.0, 4292.0)	(9.0, 5037.0)	(10.0, 5818.5)	(11.0, 7544.0)	(12.0, 9283.5)	(13.0, 11372.5)	(14.0, 13661.0)	(15.0, 18352.0)	(16.0, 23319.5)	(17.0, 32287.0)	(18.0, 41315.0)	(19.0, 57424.5)	(20.0, 74669.0)	(21.0, 94727.5)	(22.0, 114083.5)	(23.0, 138536.5)	(24.0, 163960.0)	(25.0, 189406.5)	(26.0, 220320.5)	(27.0, 254706.5)	(28.0, 291910.5)	(29.0, 322693.5)	(30.0, 353068.5)	(31.0, 391085.0)	(32.0, 427446.5)	(33.0, 470460.0)	(34.0, 522948.0)	(35.0, 578530.0)	(36.0, 626209.0)	(37.0, 670103.0)	(38.0, 719627.0)	(39.0, 780693.5)	(40.0, 837303.0)	(41.0, 863345.5)	(42.0, 897281.5)	(43.0, 921861.0)	(44.0, 937146.0)	(45.0, 947063.0)	(46.0, 943243.0)	(47.0, 923472.0)	(48.0, 918752.0)	(49.0, 933777.0)	(50.0, 944255.0)	(51.0, 933807.5)	(52.0, 918199.0)	(53.0, 910516.0)	(54.0, 897047.5)	(55.0, 867407.5)	(56.0, 836722.5)	(57.0, 792264.5)	(58.0, 740580.0)	(59.0, 694454.0)	(60.0, 643879.5)	(61.0, 573782.0)	(62.0, 503711.5)	(63.0, 448512.5)	(64.0, 399236.0)	(65.0, 367493.5)	(66.0, 330373.0)	(67.0, 286360.5)	(68.0, 249251.0)	(69.0, 218782.5)	(70.0, 186076.5)	(71.0, 153631.5)	(72.0, 119746.0)	(73.0, 92277.5)	(74.0, 68676.5)	(75.0, 51405.5)	(76.0, 42794.0)	(77.0, 35931.5)	(78.0, 29072.5)	(79.0, 23434.0)	(80.0, 18391.5)	(81.0, 15601.5)	(82.0, 13086.5)	(83.0, 11399.0)	(84.0, 9739.0)	(85.0, 8694.5)	(86.0, 7673.5)	(87.0, 6757.0)	(88.0, 5940.5)	(89.0, 5271.0)	(90.0, 4599.0)	(91.0, 4321.0)	(92.0, 4054.5)	(93.0, 3871.0)	(94.0, 3689.0)	(95.0, 3659.5)	(96.0, 3630.0)	(97.0, 3882.5)	(98.0, 4135.0)	(99.0, 9047.0)	(100.0, 13959.0)
SRR18306569_1	(0.0, 4732219.0)	(1.0, 4732219.0)	(2.0, 2366263.0)	(3.0, 307.0)	(4.0, 307.0)	(5.0, 384.5)	(6.0, 462.0)	(7.0, 462.0)	(8.0, 462.0)	(9.0, 717.5)	(10.0, 973.0)	(11.0, 973.0)	(12.0, 973.0)	(13.0, 1366.5)	(14.0, 1760.0)	(15.0, 1760.0)	(16.0, 2864.0)	(17.0, 3968.0)	(18.0, 3968.0)	(19.0, 3968.0)	(20.0, 8770.5)	(21.0, 13573.0)	(22.0, 13573.0)	(23.0, 35467.0)	(24.0, 57361.0)	(25.0, 57361.0)	(26.0, 57361.0)	(27.0, 125139.0)	(28.0, 192917.0)	(29.0, 192917.0)	(30.0, 339598.5)	(31.0, 486280.0)	(32.0, 486280.0)	(33.0, 486280.0)	(34.0, 712193.5)	(35.0, 938107.0)	(36.0, 938107.0)	(37.0, 938107.0)	(38.0, 1187795.5)	(39.0, 1437484.0)	(40.0, 1437484.0)	(41.0, 1609374.0)	(42.0, 1781264.0)	(43.0, 1781264.0)	(44.0, 1781264.0)	(45.0, 1801219.5)	(46.0, 1821175.0)	(47.0, 1821175.0)	(48.0, 1680918.5)	(49.0, 1540662.0)	(50.0, 1540662.0)	(51.0, 1540662.0)	(52.0, 1314572.5)	(53.0, 1088483.0)	(54.0, 1088483.0)	(55.0, 863444.0)	(56.0, 638405.0)	(57.0, 638405.0)	(58.0, 638405.0)	(59.0, 474831.0)	(60.0, 311257.0)	(61.0, 311257.0)	(62.0, 311257.0)	(63.0, 217965.5)	(64.0, 124674.0)	(65.0, 124674.0)	(66.0, 83003.0)	(67.0, 41332.0)	(68.0, 41332.0)	(69.0, 41332.0)	(70.0, 26270.5)	(71.0, 11209.0)	(72.0, 11209.0)	(73.0, 6970.5)	(74.0, 2732.0)	(75.0, 2732.0)	(76.0, 2732.0)	(77.0, 1805.5)	(78.0, 879.0)	(79.0, 879.0)	(80.0, 705.0)	(81.0, 531.0)	(82.0, 531.0)	(83.0, 531.0)	(84.0, 467.0)	(85.0, 403.0)	(86.0, 403.0)	(87.0, 403.0)	(88.0, 304.5)	(89.0, 206.0)	(90.0, 206.0)	(91.0, 134.5)	(92.0, 63.0)	(93.0, 63.0)	(94.0, 63.0)	(95.0, 95.5)	(96.0, 128.0)	(97.0, 128.0)	(98.0, 299.5)	(99.0, 471.0)	(100.0, 471.0)
SRR18306569_2	(0.0, 9147.0)	(1.0, 8212.5)	(2.0, 5246.5)	(3.0, 3434.5)	(4.0, 3654.0)	(5.0, 3595.5)	(6.0, 3536.5)	(7.0, 3814.5)	(8.0, 4090.5)	(9.0, 4862.0)	(10.0, 5644.5)	(11.0, 7282.0)	(12.0, 8942.5)	(13.0, 10989.5)	(14.0, 13237.5)	(15.0, 18066.0)	(16.0, 23232.0)	(17.0, 32391.0)	(18.0, 41587.5)	(19.0, 57900.5)	(20.0, 75193.5)	(21.0, 94619.0)	(22.0, 113530.5)	(23.0, 139426.0)	(24.0, 166400.5)	(25.0, 191658.0)	(26.0, 222049.5)	(27.0, 257155.5)	(28.0, 295614.5)	(29.0, 326912.0)	(30.0, 357233.5)	(31.0, 395398.5)	(32.0, 432117.5)	(33.0, 475763.0)	(34.0, 529005.0)	(35.0, 584342.5)	(36.0, 631936.0)	(37.0, 677116.5)	(38.0, 728561.5)	(39.0, 791668.0)	(40.0, 849564.5)	(41.0, 874180.5)	(42.0, 906285.0)	(43.0, 931065.0)	(44.0, 947484.5)	(45.0, 958062.5)	(46.0, 953327.5)	(47.0, 932925.5)	(48.0, 929453.5)	(49.0, 945104.0)	(50.0, 954466.5)	(51.0, 944201.0)	(52.0, 929507.0)	(53.0, 921152.0)	(54.0, 906655.5)	(55.0, 875546.5)	(56.0, 843767.0)	(57.0, 799980.5)	(58.0, 748738.5)	(59.0, 702296.5)	(60.0, 651005.5)	(61.0, 579230.0)	(62.0, 508234.5)	(63.0, 452843.0)	(64.0, 403186.5)	(65.0, 371102.0)	(66.0, 333333.0)	(67.0, 288480.0)	(68.0, 250296.0)	(69.0, 219455.5)	(70.0, 187074.5)	(71.0, 154499.5)	(72.0, 120155.0)	(73.0, 92474.0)	(74.0, 68846.5)	(75.0, 51367.0)	(76.0, 42670.0)	(77.0, 35877.5)	(78.0, 29005.5)	(79.0, 23439.5)	(80.0, 18427.5)	(81.0, 15558.0)	(82.0, 12946.0)	(83.0, 11315.5)	(84.0, 9799.5)	(85.0, 8611.0)	(86.0, 7413.0)	(87.0, 6647.5)	(88.0, 5963.5)	(89.0, 5179.0)	(90.0, 4402.0)	(91.0, 4123.5)	(92.0, 3856.0)	(93.0, 3656.0)	(94.0, 3457.0)	(95.0, 3440.5)	(96.0, 3424.0)	(97.0, 3774.0)	(98.0, 4124.0)	(99.0, 9541.5)	(100.0, 14959.0)
SRR18306570_1	(0.0, 4685657.0)	(1.0, 4685657.0)	(2.0, 2342971.0)	(3.0, 285.0)	(4.0, 285.0)	(5.0, 343.0)	(6.0, 401.0)	(7.0, 401.0)	(8.0, 401.0)	(9.0, 680.5)	(10.0, 960.0)	(11.0, 960.0)	(12.0, 960.0)	(13.0, 1374.0)	(14.0, 1788.0)	(15.0, 1788.0)	(16.0, 2825.5)	(17.0, 3863.0)	(18.0, 3863.0)	(19.0, 3863.0)	(20.0, 8550.5)	(21.0, 13238.0)	(22.0, 13238.0)	(23.0, 35249.5)	(24.0, 57261.0)	(25.0, 57261.0)	(26.0, 57261.0)	(27.0, 124093.5)	(28.0, 190926.0)	(29.0, 190926.0)	(30.0, 335201.0)	(31.0, 479476.0)	(32.0, 479476.0)	(33.0, 479476.0)	(34.0, 704394.5)	(35.0, 929313.0)	(36.0, 929313.0)	(37.0, 929313.0)	(38.0, 1176516.5)	(39.0, 1423720.0)	(40.0, 1423720.0)	(41.0, 1593583.5)	(42.0, 1763447.0)	(43.0, 1763447.0)	(44.0, 1763447.0)	(45.0, 1784372.5)	(46.0, 1805298.0)	(47.0, 1805298.0)	(48.0, 1665857.0)	(49.0, 1526416.0)	(50.0, 1526416.0)	(51.0, 1526416.0)	(52.0, 1302660.0)	(53.0, 1078904.0)	(54.0, 1078904.0)	(55.0, 856553.5)	(56.0, 634203.0)	(57.0, 634203.0)	(58.0, 634203.0)	(59.0, 471155.5)	(60.0, 308108.0)	(61.0, 308108.0)	(62.0, 308108.0)	(63.0, 216063.0)	(64.0, 124018.0)	(65.0, 124018.0)	(66.0, 82433.5)	(67.0, 40849.0)	(68.0, 40849.0)	(69.0, 40849.0)	(70.0, 26063.5)	(71.0, 11278.0)	(72.0, 11278.0)	(73.0, 7047.5)	(74.0, 2817.0)	(75.0, 2817.0)	(76.0, 2817.0)	(77.0, 1823.5)	(78.0, 830.0)	(79.0, 830.0)	(80.0, 645.5)	(81.0, 461.0)	(82.0, 461.0)	(83.0, 461.0)	(84.0, 371.0)	(85.0, 281.0)	(86.0, 281.0)	(87.0, 281.0)	(88.0, 182.5)	(89.0, 84.0)	(90.0, 84.0)	(91.0, 65.0)	(92.0, 46.0)	(93.0, 46.0)	(94.0, 46.0)	(95.0, 72.5)	(96.0, 99.0)	(97.0, 99.0)	(98.0, 588.0)	(99.0, 1077.0)	(100.0, 1077.0)
SRR18306570_2	(0.0, 9203.0)	(1.0, 8343.0)	(2.0, 5234.0)	(3.0, 3274.0)	(4.0, 3567.0)	(5.0, 3512.0)	(6.0, 3454.5)	(7.0, 3704.5)	(8.0, 3960.5)	(9.0, 4782.0)	(10.0, 5614.5)	(11.0, 7245.0)	(12.0, 8872.0)	(13.0, 10839.5)	(14.0, 13012.0)	(15.0, 18023.0)	(16.0, 23383.5)	(17.0, 32414.0)	(18.0, 41430.5)	(19.0, 57152.5)	(20.0, 73995.5)	(21.0, 93896.0)	(22.0, 113173.0)	(23.0, 138083.5)	(24.0, 163950.0)	(25.0, 188983.0)	(26.0, 219160.5)	(27.0, 254786.5)	(28.0, 293738.0)	(29.0, 324222.5)	(30.0, 353944.0)	(31.0, 391885.0)	(32.0, 428116.0)	(33.0, 471139.0)	(34.0, 524044.5)	(35.0, 579451.5)	(36.0, 627246.5)	(37.0, 671229.0)	(38.0, 720830.0)	(39.0, 783666.5)	(40.0, 841559.5)	(41.0, 866562.0)	(42.0, 898668.0)	(43.0, 922422.0)	(44.0, 938373.0)	(45.0, 948501.0)	(46.0, 943717.5)	(47.0, 923628.0)	(48.0, 919569.5)	(49.0, 935270.5)	(50.0, 945324.5)	(51.0, 934522.5)	(52.0, 918508.0)	(53.0, 910010.5)	(54.0, 897355.0)	(55.0, 868216.0)	(56.0, 836363.5)	(57.0, 792225.0)	(58.0, 742082.0)	(59.0, 695778.5)	(60.0, 643657.5)	(61.0, 572332.0)	(62.0, 502206.5)	(63.0, 447163.0)	(64.0, 397948.5)	(65.0, 367087.5)	(66.0, 330290.0)	(67.0, 285773.0)	(68.0, 248169.0)	(69.0, 217929.0)	(70.0, 185926.0)	(71.0, 153453.5)	(72.0, 119219.5)	(73.0, 91381.5)	(74.0, 67728.5)	(75.0, 50729.0)	(76.0, 42262.0)	(77.0, 35865.0)	(78.0, 29432.5)	(79.0, 23558.5)	(80.0, 18272.5)	(81.0, 15485.0)	(82.0, 12910.5)	(83.0, 11348.5)	(84.0, 9898.5)	(85.0, 8782.5)	(86.0, 7656.5)	(87.0, 6812.5)	(88.0, 6068.5)	(89.0, 5394.0)	(90.0, 4722.0)	(91.0, 4468.5)	(92.0, 4226.5)	(93.0, 4095.0)	(94.0, 3965.5)	(95.0, 3969.5)	(96.0, 3973.0)	(97.0, 4352.0)	(98.0, 4731.0)	(99.0, 10539.0)	(100.0, 16347.0)
SRR18306571_1	(0.0, 3203168.0)	(1.0, 3203168.0)	(2.0, 1601681.0)	(3.0, 194.0)	(4.0, 194.0)	(5.0, 227.0)	(6.0, 260.0)	(7.0, 260.0)	(8.0, 260.0)	(9.0, 440.0)	(10.0, 620.0)	(11.0, 620.0)	(12.0, 620.0)	(13.0, 869.5)	(14.0, 1119.0)	(15.0, 1119.0)	(16.0, 1754.5)	(17.0, 2390.0)	(18.0, 2390.0)	(19.0, 2390.0)	(20.0, 5683.0)	(21.0, 8976.0)	(22.0, 8976.0)	(23.0, 23932.0)	(24.0, 38888.0)	(25.0, 38888.0)	(26.0, 38888.0)	(27.0, 85267.0)	(28.0, 131646.0)	(29.0, 131646.0)	(30.0, 230465.0)	(31.0, 329284.0)	(32.0, 329284.0)	(33.0, 329284.0)	(34.0, 482821.5)	(35.0, 636359.0)	(36.0, 636359.0)	(37.0, 636359.0)	(38.0, 805109.0)	(39.0, 973859.0)	(40.0, 973859.0)	(41.0, 1089420.0)	(42.0, 1204981.0)	(43.0, 1204981.0)	(44.0, 1204981.0)	(45.0, 1219921.0)	(46.0, 1234861.0)	(47.0, 1234861.0)	(48.0, 1138533.0)	(49.0, 1042205.0)	(50.0, 1042205.0)	(51.0, 1042205.0)	(52.0, 890264.5)	(53.0, 738324.0)	(54.0, 738324.0)	(55.0, 586171.0)	(56.0, 434018.0)	(57.0, 434018.0)	(58.0, 434018.0)	(59.0, 322543.5)	(60.0, 211069.0)	(61.0, 211069.0)	(62.0, 211069.0)	(63.0, 147813.5)	(64.0, 84558.0)	(65.0, 84558.0)	(66.0, 56234.5)	(67.0, 27911.0)	(68.0, 27911.0)	(69.0, 27911.0)	(70.0, 17851.5)	(71.0, 7792.0)	(72.0, 7792.0)	(73.0, 4832.0)	(74.0, 1872.0)	(75.0, 1872.0)	(76.0, 1872.0)	(77.0, 1228.5)	(78.0, 585.0)	(79.0, 585.0)	(80.0, 482.0)	(81.0, 379.0)	(82.0, 379.0)	(83.0, 379.0)	(84.0, 375.5)	(85.0, 372.0)	(86.0, 372.0)	(87.0, 372.0)	(88.0, 274.0)	(89.0, 176.0)	(90.0, 176.0)	(91.0, 107.0)	(92.0, 38.0)	(93.0, 38.0)	(94.0, 38.0)	(95.0, 72.0)	(96.0, 106.0)	(97.0, 106.0)	(98.0, 228.5)	(99.0, 351.0)	(100.0, 351.0)
SRR18306571_2	(0.0, 8635.0)	(1.0, 8156.5)	(2.0, 5178.5)	(3.0, 2772.0)	(4.0, 2872.5)	(5.0, 2712.0)	(6.0, 2545.5)	(7.0, 2757.5)	(8.0, 2960.5)	(9.0, 3412.0)	(10.0, 3879.0)	(11.0, 5026.0)	(12.0, 6177.5)	(13.0, 7556.5)	(14.0, 9102.0)	(15.0, 12620.0)	(16.0, 16298.5)	(17.0, 22326.0)	(18.0, 28420.0)	(19.0, 39442.0)	(20.0, 51172.5)	(21.0, 64666.5)	(22.0, 77731.0)	(23.0, 94909.0)	(24.0, 112773.0)	(25.0, 129858.0)	(26.0, 150657.0)	(27.0, 174367.5)	(28.0, 199997.0)	(29.0, 221500.5)	(30.0, 242747.5)	(31.0, 268345.5)	(32.0, 292746.5)	(33.0, 322127.0)	(34.0, 357902.5)	(35.0, 395828.5)	(36.0, 428894.0)	(37.0, 459355.0)	(38.0, 493580.5)	(39.0, 536293.0)	(40.0, 575614.5)	(41.0, 592733.5)	(42.0, 614900.5)	(43.0, 631091.0)	(44.0, 641477.0)	(45.0, 648050.0)	(46.0, 644968.5)	(47.0, 632056.0)	(48.0, 629918.0)	(49.0, 640074.5)	(50.0, 646238.0)	(51.0, 639229.0)	(52.0, 628923.0)	(53.0, 622799.5)	(54.0, 613000.5)	(55.0, 592301.0)	(56.0, 571111.5)	(57.0, 541455.0)	(58.0, 506603.5)	(59.0, 474794.0)	(60.0, 439480.5)	(61.0, 391174.0)	(62.0, 343439.5)	(63.0, 305997.5)	(64.0, 272684.5)	(65.0, 251157.0)	(66.0, 225842.5)	(67.0, 195965.0)	(68.0, 170525.0)	(69.0, 149283.5)	(70.0, 126854.0)	(71.0, 104637.0)	(72.0, 81203.0)	(73.0, 62190.5)	(74.0, 46016.0)	(75.0, 34443.0)	(76.0, 28765.0)	(77.0, 24233.0)	(78.0, 19648.5)	(79.0, 15796.5)	(80.0, 12362.5)	(81.0, 10429.0)	(82.0, 8650.5)	(83.0, 7458.0)	(84.0, 6309.0)	(85.0, 5611.5)	(86.0, 4945.0)	(87.0, 4371.0)	(88.0, 3838.0)	(89.0, 3376.5)	(90.0, 2923.0)	(91.0, 2764.5)	(92.0, 2615.0)	(93.0, 2418.5)	(94.0, 2222.0)	(95.0, 2247.5)	(96.0, 2273.0)	(97.0, 2474.0)	(98.0, 2675.0)	(99.0, 6316.0)	(100.0, 9957.0)
SRR18306572_1	(0.0, 3175553.0)	(1.0, 3175553.0)	(2.0, 1587880.5)	(3.0, 208.0)	(4.0, 208.0)	(5.0, 253.5)	(6.0, 299.0)	(7.0, 299.0)	(8.0, 299.0)	(9.0, 435.5)	(10.0, 572.0)	(11.0, 572.0)	(12.0, 572.0)	(13.0, 864.0)	(14.0, 1156.0)	(15.0, 1156.0)	(16.0, 1779.5)	(17.0, 2403.0)	(18.0, 2403.0)	(19.0, 2403.0)	(20.0, 5658.0)	(21.0, 8913.0)	(22.0, 8913.0)	(23.0, 23752.5)	(24.0, 38592.0)	(25.0, 38592.0)	(26.0, 38592.0)	(27.0, 84275.0)	(28.0, 129958.0)	(29.0, 129958.0)	(30.0, 227839.5)	(31.0, 325721.0)	(32.0, 325721.0)	(33.0, 325721.0)	(34.0, 478200.5)	(35.0, 630680.0)	(36.0, 630680.0)	(37.0, 630680.0)	(38.0, 797588.5)	(39.0, 964497.0)	(40.0, 964497.0)	(41.0, 1080883.0)	(42.0, 1197269.0)	(43.0, 1197269.0)	(44.0, 1197269.0)	(45.0, 1211331.0)	(46.0, 1225393.0)	(47.0, 1225393.0)	(48.0, 1131358.5)	(49.0, 1037324.0)	(50.0, 1037324.0)	(51.0, 1037324.0)	(52.0, 885427.0)	(53.0, 733530.0)	(54.0, 733530.0)	(55.0, 582190.0)	(56.0, 430850.0)	(57.0, 430850.0)	(58.0, 430850.0)	(59.0, 320337.5)	(60.0, 209825.0)	(61.0, 209825.0)	(62.0, 209825.0)	(63.0, 146876.5)	(64.0, 83928.0)	(65.0, 83928.0)	(66.0, 55787.0)	(67.0, 27646.0)	(68.0, 27646.0)	(69.0, 27646.0)	(70.0, 17637.0)	(71.0, 7628.0)	(72.0, 7628.0)	(73.0, 4748.0)	(74.0, 1868.0)	(75.0, 1868.0)	(76.0, 1868.0)	(77.0, 1202.0)	(78.0, 536.0)	(79.0, 536.0)	(80.0, 425.0)	(81.0, 314.0)	(82.0, 314.0)	(83.0, 314.0)	(84.0, 250.5)	(85.0, 187.0)	(86.0, 187.0)	(87.0, 187.0)	(88.0, 127.0)	(89.0, 67.0)	(90.0, 67.0)	(91.0, 51.5)	(92.0, 36.0)	(93.0, 36.0)	(94.0, 36.0)	(95.0, 67.0)	(96.0, 98.0)	(97.0, 98.0)	(98.0, 441.5)	(99.0, 785.0)	(100.0, 785.0)
SRR18306572_2	(0.0, 9219.0)	(1.0, 8774.5)	(2.0, 5561.5)	(3.0, 2904.0)	(4.0, 3016.0)	(5.0, 2797.5)	(6.0, 2579.0)	(7.0, 2766.0)	(8.0, 2947.0)	(9.0, 3522.0)	(10.0, 4119.5)	(11.0, 5315.5)	(12.0, 6498.5)	(13.0, 7838.0)	(14.0, 9356.0)	(15.0, 12769.0)	(16.0, 16321.0)	(17.0, 22470.0)	(18.0, 28712.5)	(19.0, 39440.5)	(20.0, 50920.0)	(21.0, 64446.0)	(22.0, 77515.5)	(23.0, 94472.5)	(24.0, 112056.5)	(25.0, 129570.0)	(26.0, 150736.5)	(27.0, 173473.0)	(28.0, 198106.0)	(29.0, 219147.5)	(30.0, 240051.0)	(31.0, 265922.0)	(32.0, 290482.0)	(33.0, 319701.0)	(34.0, 355414.5)	(35.0, 392699.5)	(36.0, 424696.5)	(37.0, 454847.5)	(38.0, 489434.0)	(39.0, 531522.5)	(40.0, 569586.5)	(41.0, 586437.5)	(42.0, 608962.0)	(43.0, 625792.5)	(44.0, 636790.5)	(45.0, 642885.0)	(46.0, 638906.0)	(47.0, 625881.5)	(48.0, 623693.0)	(49.0, 635079.0)	(50.0, 643078.0)	(51.0, 635269.5)	(52.0, 623586.0)	(53.0, 617761.0)	(54.0, 608668.5)	(55.0, 588570.5)	(56.0, 567074.5)	(57.0, 536789.0)	(58.0, 502202.5)	(59.0, 471572.5)	(60.0, 437601.0)	(61.0, 389249.0)	(62.0, 341216.5)	(63.0, 303946.0)	(64.0, 270453.0)	(65.0, 249060.0)	(66.0, 223912.0)	(67.0, 193881.5)	(68.0, 168698.0)	(69.0, 148348.5)	(70.0, 126374.0)	(71.0, 104070.5)	(72.0, 80887.0)	(73.0, 61869.0)	(74.0, 45586.5)	(75.0, 34183.0)	(76.0, 28583.5)	(77.0, 24006.0)	(78.0, 19450.5)	(79.0, 15759.0)	(80.0, 12443.0)	(81.0, 10545.5)	(82.0, 8802.0)	(83.0, 7542.0)	(84.0, 6332.5)	(85.0, 5599.5)	(86.0, 4884.5)	(87.0, 4326.5)	(88.0, 3822.5)	(89.0, 3313.5)	(90.0, 2812.0)	(91.0, 2594.0)	(92.0, 2382.0)	(93.0, 2220.0)	(94.0, 2058.0)	(95.0, 2018.5)	(96.0, 1979.0)	(97.0, 2183.5)	(98.0, 2388.0)	(99.0, 5402.0)	(100.0, 8416.0)
SRR18306573_1	(0.0, 3209522.0)	(1.0, 3209522.0)	(2.0, 1604878.0)	(3.0, 234.0)	(4.0, 234.0)	(5.0, 281.5)	(6.0, 329.0)	(7.0, 329.0)	(8.0, 329.0)	(9.0, 491.5)	(10.0, 654.0)	(11.0, 654.0)	(12.0, 654.0)	(13.0, 912.5)	(14.0, 1171.0)	(15.0, 1171.0)	(16.0, 1833.0)	(17.0, 2495.0)	(18.0, 2495.0)	(19.0, 2495.0)	(20.0, 5763.0)	(21.0, 9031.0)	(22.0, 9031.0)	(23.0, 24184.5)	(24.0, 39338.0)	(25.0, 39338.0)	(26.0, 39338.0)	(27.0, 85251.5)	(28.0, 131165.0)	(29.0, 131165.0)	(30.0, 230123.5)	(31.0, 329082.0)	(32.0, 329082.0)	(33.0, 329082.0)	(34.0, 482154.0)	(35.0, 635226.0)	(36.0, 635226.0)	(37.0, 635226.0)	(38.0, 804989.5)	(39.0, 974753.0)	(40.0, 974753.0)	(41.0, 1092008.0)	(42.0, 1209263.0)	(43.0, 1209263.0)	(44.0, 1209263.0)	(45.0, 1222154.0)	(46.0, 1235045.0)	(47.0, 1235045.0)	(48.0, 1139631.0)	(49.0, 1044217.0)	(50.0, 1044217.0)	(51.0, 1044217.0)	(52.0, 891996.5)	(53.0, 739776.0)	(54.0, 739776.0)	(55.0, 586571.0)	(56.0, 433366.0)	(57.0, 433366.0)	(58.0, 433366.0)	(59.0, 322198.5)	(60.0, 211031.0)	(61.0, 211031.0)	(62.0, 211031.0)	(63.0, 147657.0)	(64.0, 84283.0)	(65.0, 84283.0)	(66.0, 56117.0)	(67.0, 27951.0)	(68.0, 27951.0)	(69.0, 27951.0)	(70.0, 17797.5)	(71.0, 7644.0)	(72.0, 7644.0)	(73.0, 4739.0)	(74.0, 1834.0)	(75.0, 1834.0)	(76.0, 1834.0)	(77.0, 1197.5)	(78.0, 561.0)	(79.0, 561.0)	(80.0, 446.0)	(81.0, 331.0)	(82.0, 331.0)	(83.0, 331.0)	(84.0, 309.5)	(85.0, 288.0)	(86.0, 288.0)	(87.0, 288.0)	(88.0, 207.0)	(89.0, 126.0)	(90.0, 126.0)	(91.0, 83.5)	(92.0, 41.0)	(93.0, 41.0)	(94.0, 41.0)	(95.0, 60.0)	(96.0, 79.0)	(97.0, 79.0)	(98.0, 212.0)	(99.0, 345.0)	(100.0, 345.0)
SRR18306573_2	(0.0, 6257.0)	(1.0, 5592.5)	(2.0, 3586.5)	(3.0, 2412.0)	(4.0, 2578.0)	(5.0, 2515.0)	(6.0, 2453.5)	(7.0, 2659.0)	(8.0, 2860.0)	(9.0, 3364.0)	(10.0, 3888.0)	(11.0, 5047.0)	(12.0, 6205.5)	(13.0, 7591.5)	(14.0, 9125.0)	(15.0, 12408.0)	(16.0, 15903.0)	(17.0, 22038.5)	(18.0, 28169.0)	(19.0, 39248.0)	(20.0, 51115.5)	(21.0, 64639.5)	(22.0, 77728.5)	(23.0, 95195.5)	(24.0, 113338.0)	(25.0, 130602.5)	(26.0, 151439.5)	(27.0, 175212.5)	(28.0, 201073.0)	(29.0, 222107.0)	(30.0, 242848.5)	(31.0, 268772.0)	(32.0, 293697.5)	(33.0, 323584.0)	(34.0, 359882.0)	(35.0, 397284.0)	(36.0, 429213.5)	(37.0, 459562.0)	(38.0, 494033.5)	(39.0, 536546.0)	(40.0, 575813.0)	(41.0, 593532.0)	(42.0, 616259.0)	(43.0, 632705.0)	(44.0, 643286.5)	(45.0, 650132.5)	(46.0, 647087.0)	(47.0, 632914.5)	(48.0, 629319.5)	(49.0, 639368.0)	(50.0, 646316.0)	(51.0, 640069.5)	(52.0, 629892.5)	(53.0, 624027.5)	(54.0, 614989.5)	(55.0, 593810.5)	(56.0, 571342.5)	(57.0, 541670.5)	(58.0, 506845.5)	(59.0, 474353.0)	(60.0, 439316.0)	(61.0, 391806.0)	(62.0, 344617.5)	(63.0, 306835.5)	(64.0, 272820.5)	(65.0, 251405.5)	(66.0, 225792.0)	(67.0, 195569.0)	(68.0, 170391.5)	(69.0, 149551.5)	(70.0, 127255.5)	(71.0, 104929.0)	(72.0, 81883.5)	(73.0, 63040.0)	(74.0, 46222.5)	(75.0, 34141.0)	(76.0, 28391.0)	(77.0, 24049.0)	(78.0, 19726.5)	(79.0, 15925.0)	(80.0, 12409.5)	(81.0, 10354.5)	(82.0, 8542.5)	(83.0, 7564.0)	(84.0, 6614.5)	(85.0, 5793.5)	(86.0, 4966.0)	(87.0, 4337.5)	(88.0, 3785.5)	(89.0, 3372.5)	(90.0, 2964.0)	(91.0, 2778.0)	(92.0, 2597.5)	(93.0, 2406.0)	(94.0, 2215.0)	(95.0, 2243.5)	(96.0, 2272.0)	(97.0, 2448.0)	(98.0, 2624.0)	(99.0, 6158.0)	(100.0, 9692.0)
SRR18306574_1	(0.0, 3180629.0)	(1.0, 3180629.0)	(2.0, 1590415.0)	(3.0, 201.0)	(4.0, 201.0)	(5.0, 251.0)	(6.0, 301.0)	(7.0, 301.0)	(8.0, 301.0)	(9.0, 455.0)	(10.0, 609.0)	(11.0, 609.0)	(12.0, 609.0)	(13.0, 875.5)	(14.0, 1142.0)	(15.0, 1142.0)	(16.0, 1796.0)	(17.0, 2450.0)	(18.0, 2450.0)	(19.0, 2450.0)	(20.0, 5658.5)	(21.0, 8867.0)	(22.0, 8867.0)	(23.0, 23833.5)	(24.0, 38800.0)	(25.0, 38800.0)	(26.0, 38800.0)	(27.0, 84519.5)	(28.0, 130239.0)	(29.0, 130239.0)	(30.0, 228798.0)	(31.0, 327357.0)	(32.0, 327357.0)	(33.0, 327357.0)	(34.0, 479038.0)	(35.0, 630719.0)	(36.0, 630719.0)	(37.0, 630719.0)	(38.0, 798498.0)	(39.0, 966277.0)	(40.0, 966277.0)	(41.0, 1081423.5)	(42.0, 1196570.0)	(43.0, 1196570.0)	(44.0, 1196570.0)	(45.0, 1211441.5)	(46.0, 1226313.0)	(47.0, 1226313.0)	(48.0, 1131940.5)	(49.0, 1037568.0)	(50.0, 1037568.0)	(51.0, 1037568.0)	(52.0, 886199.5)	(53.0, 734831.0)	(54.0, 734831.0)	(55.0, 582617.0)	(56.0, 430403.0)	(57.0, 430403.0)	(58.0, 430403.0)	(59.0, 319890.0)	(60.0, 209377.0)	(61.0, 209377.0)	(62.0, 209377.0)	(63.0, 146726.5)	(64.0, 84076.0)	(65.0, 84076.0)	(66.0, 55987.0)	(67.0, 27898.0)	(68.0, 27898.0)	(69.0, 27898.0)	(70.0, 17738.5)	(71.0, 7579.0)	(72.0, 7579.0)	(73.0, 4704.5)	(74.0, 1830.0)	(75.0, 1830.0)	(76.0, 1830.0)	(77.0, 1207.5)	(78.0, 585.0)	(79.0, 585.0)	(80.0, 433.0)	(81.0, 281.0)	(82.0, 281.0)	(83.0, 281.0)	(84.0, 238.0)	(85.0, 195.0)	(86.0, 195.0)	(87.0, 195.0)	(88.0, 129.0)	(89.0, 63.0)	(90.0, 63.0)	(91.0, 47.0)	(92.0, 31.0)	(93.0, 31.0)	(94.0, 31.0)	(95.0, 55.0)	(96.0, 79.0)	(97.0, 79.0)	(98.0, 427.0)	(99.0, 775.0)	(100.0, 775.0)
SRR18306574_2	(0.0, 6402.0)	(1.0, 5811.5)	(2.0, 3668.0)	(3.0, 2253.5)	(4.0, 2392.5)	(5.0, 2412.0)	(6.0, 2429.5)	(7.0, 2606.5)	(8.0, 2782.5)	(9.0, 3279.0)	(10.0, 3788.0)	(11.0, 4890.5)	(12.0, 6000.5)	(13.0, 7457.0)	(14.0, 9070.0)	(15.0, 12365.5)	(16.0, 15827.5)	(17.0, 21938.0)	(18.0, 28120.0)	(19.0, 39211.0)	(20.0, 51065.0)	(21.0, 64595.5)	(22.0, 77637.5)	(23.0, 94384.0)	(24.0, 111875.5)	(25.0, 129105.0)	(26.0, 149885.0)	(27.0, 173466.5)	(28.0, 198998.5)	(29.0, 220153.5)	(30.0, 241138.0)	(31.0, 266789.0)	(32.0, 291292.0)	(33.0, 320585.5)	(34.0, 356102.5)	(35.0, 393403.0)	(36.0, 426039.0)	(37.0, 456669.5)	(38.0, 490784.5)	(39.0, 532605.0)	(40.0, 571251.5)	(41.0, 588520.5)	(42.0, 610520.5)	(43.0, 626773.0)	(44.0, 638121.5)	(45.0, 645000.0)	(46.0, 640801.0)	(47.0, 627030.0)	(48.0, 625288.0)	(49.0, 635635.0)	(50.0, 640971.0)	(51.0, 633746.5)	(52.0, 624918.0)	(53.0, 619906.5)	(54.0, 609845.5)	(55.0, 589423.5)	(56.0, 568409.0)	(57.0, 537923.5)	(58.0, 502671.5)	(59.0, 471196.5)	(60.0, 436063.5)	(61.0, 388040.0)	(62.0, 340787.5)	(63.0, 303683.0)	(64.0, 270822.0)	(65.0, 249724.5)	(66.0, 224104.0)	(67.0, 193739.5)	(68.0, 168749.0)	(69.0, 148203.0)	(70.0, 125927.0)	(71.0, 103802.0)	(72.0, 80726.0)	(73.0, 62029.5)	(74.0, 46037.0)	(75.0, 34394.5)	(76.0, 28669.5)	(77.0, 24207.5)	(78.0, 19618.0)	(79.0, 15820.5)	(80.0, 12445.0)	(81.0, 10413.0)	(82.0, 8597.0)	(83.0, 7571.0)	(84.0, 6575.5)	(85.0, 5762.0)	(86.0, 4945.5)	(87.0, 4357.0)	(88.0, 3831.5)	(89.0, 3424.0)	(90.0, 3020.5)	(91.0, 2830.0)	(92.0, 2646.5)	(93.0, 2474.5)	(94.0, 2304.0)	(95.0, 2274.0)	(96.0, 2244.0)	(97.0, 2485.0)	(98.0, 2726.0)	(99.0, 6315.5)	(100.0, 9905.0)
SRR18306575_1	(0.0, 4158552.0)	(1.0, 4158552.0)	(2.0, 2079413.0)	(3.0, 274.0)	(4.0, 274.0)	(5.0, 320.0)	(6.0, 366.0)	(7.0, 366.0)	(8.0, 366.0)	(9.0, 589.0)	(10.0, 812.0)	(11.0, 812.0)	(12.0, 812.0)	(13.0, 1151.0)	(14.0, 1490.0)	(15.0, 1490.0)	(16.0, 2360.0)	(17.0, 3230.0)	(18.0, 3230.0)	(19.0, 3230.0)	(20.0, 7421.5)	(21.0, 11613.0)	(22.0, 11613.0)	(23.0, 31032.0)	(24.0, 50451.0)	(25.0, 50451.0)	(26.0, 50451.0)	(27.0, 110433.0)	(28.0, 170415.0)	(29.0, 170415.0)	(30.0, 298286.5)	(31.0, 426158.0)	(32.0, 426158.0)	(33.0, 426158.0)	(34.0, 625907.5)	(35.0, 825657.0)	(36.0, 825657.0)	(37.0, 825657.0)	(38.0, 1044971.5)	(39.0, 1264286.0)	(40.0, 1264286.0)	(41.0, 1415540.0)	(42.0, 1566794.0)	(43.0, 1566794.0)	(44.0, 1566794.0)	(45.0, 1584977.5)	(46.0, 1603161.0)	(47.0, 1603161.0)	(48.0, 1480403.5)	(49.0, 1357646.0)	(50.0, 1357646.0)	(51.0, 1357646.0)	(52.0, 1159040.5)	(53.0, 960435.0)	(54.0, 960435.0)	(55.0, 761878.5)	(56.0, 563322.0)	(57.0, 563322.0)	(58.0, 563322.0)	(59.0, 418936.0)	(60.0, 274550.0)	(61.0, 274550.0)	(62.0, 274550.0)	(63.0, 191998.0)	(64.0, 109446.0)	(65.0, 109446.0)	(66.0, 72691.5)	(67.0, 35937.0)	(68.0, 35937.0)	(69.0, 35937.0)	(70.0, 22900.5)	(71.0, 9864.0)	(72.0, 9864.0)	(73.0, 6170.0)	(74.0, 2476.0)	(75.0, 2476.0)	(76.0, 2476.0)	(77.0, 1610.0)	(78.0, 744.0)	(79.0, 744.0)	(80.0, 619.5)	(81.0, 495.0)	(82.0, 495.0)	(83.0, 495.0)	(84.0, 489.0)	(85.0, 483.0)	(86.0, 483.0)	(87.0, 483.0)	(88.0, 354.0)	(89.0, 225.0)	(90.0, 225.0)	(91.0, 136.5)	(92.0, 48.0)	(93.0, 48.0)	(94.0, 48.0)	(95.0, 80.5)	(96.0, 113.0)	(97.0, 113.0)	(98.0, 282.0)	(99.0, 451.0)	(100.0, 451.0)
SRR18306575_2	(0.0, 11209.0)	(1.0, 10606.0)	(2.0, 6699.0)	(3.0, 3585.0)	(4.0, 3786.0)	(5.0, 3609.0)	(6.0, 3426.0)	(7.0, 3552.5)	(8.0, 3658.5)	(9.0, 4397.0)	(10.0, 5166.5)	(11.0, 6605.0)	(12.0, 8038.0)	(13.0, 9784.0)	(14.0, 11735.5)	(15.0, 16114.0)	(16.0, 20727.0)	(17.0, 28733.5)	(18.0, 36811.0)	(19.0, 51039.0)	(20.0, 66254.5)	(21.0, 83659.5)	(22.0, 100435.0)	(23.0, 122469.0)	(24.0, 145578.0)	(25.0, 168346.5)	(26.0, 195813.0)	(27.0, 227287.0)	(28.0, 261355.5)	(29.0, 288726.0)	(30.0, 315100.0)	(31.0, 348048.5)	(32.0, 380308.0)	(33.0, 419054.5)	(34.0, 465901.5)	(35.0, 515067.5)	(36.0, 557592.0)	(37.0, 595939.0)	(38.0, 639197.5)	(39.0, 695744.5)	(40.0, 748066.0)	(41.0, 769714.0)	(42.0, 798254.5)	(43.0, 820266.5)	(44.0, 834603.0)	(45.0, 843801.5)	(46.0, 840105.5)	(47.0, 822316.0)	(48.0, 818195.0)	(49.0, 831789.5)	(50.0, 840767.5)	(51.0, 830783.5)	(52.0, 816698.0)	(53.0, 809547.0)	(54.0, 797323.0)	(55.0, 769839.5)	(56.0, 741201.5)	(57.0, 702588.0)	(58.0, 657890.0)	(59.0, 616744.5)	(60.0, 571224.5)	(61.0, 508594.0)	(62.0, 445800.5)	(63.0, 396651.5)	(64.0, 353911.5)	(65.0, 326358.5)	(66.0, 292824.0)	(67.0, 252612.0)	(68.0, 219091.0)	(69.0, 192642.5)	(70.0, 164414.0)	(71.0, 135699.0)	(72.0, 105364.5)	(73.0, 80652.0)	(74.0, 59536.5)	(75.0, 44533.0)	(76.0, 37306.5)	(77.0, 31513.5)	(78.0, 25578.5)	(79.0, 20603.0)	(80.0, 16118.0)	(81.0, 13464.5)	(82.0, 11091.5)	(83.0, 9744.0)	(84.0, 8425.5)	(85.0, 7407.5)	(86.0, 6418.5)	(87.0, 5553.0)	(88.0, 4753.5)	(89.0, 4215.0)	(90.0, 3690.5)	(91.0, 3466.5)	(92.0, 3253.0)	(93.0, 3113.0)	(94.0, 2973.0)	(95.0, 2832.0)	(96.0, 2691.0)	(97.0, 3064.5)	(98.0, 3438.0)	(99.0, 8142.0)	(100.0, 12846.0)
SRR18306576_1	(0.0, 4831814.0)	(1.0, 4831814.0)	(2.0, 2416089.0)	(3.0, 364.0)	(4.0, 364.0)	(5.0, 435.5)	(6.0, 507.0)	(7.0, 507.0)	(8.0, 507.0)	(9.0, 718.5)	(10.0, 930.0)	(11.0, 930.0)	(12.0, 930.0)	(13.0, 1331.0)	(14.0, 1732.0)	(15.0, 1732.0)	(16.0, 2737.5)	(17.0, 3743.0)	(18.0, 3743.0)	(19.0, 3743.0)	(20.0, 8607.5)	(21.0, 13472.0)	(22.0, 13472.0)	(23.0, 36263.0)	(24.0, 59054.0)	(25.0, 59054.0)	(26.0, 59054.0)	(27.0, 128873.0)	(28.0, 198692.0)	(29.0, 198692.0)	(30.0, 350408.0)	(31.0, 502124.0)	(32.0, 502124.0)	(33.0, 502124.0)	(34.0, 736179.0)	(35.0, 970234.0)	(36.0, 970234.0)	(37.0, 970234.0)	(38.0, 1226730.5)	(39.0, 1483227.0)	(40.0, 1483227.0)	(41.0, 1659456.0)	(42.0, 1835685.0)	(43.0, 1835685.0)	(44.0, 1835685.0)	(45.0, 1854604.0)	(46.0, 1873523.0)	(47.0, 1873523.0)	(48.0, 1726173.0)	(49.0, 1578823.0)	(50.0, 1578823.0)	(51.0, 1578823.0)	(52.0, 1345414.0)	(53.0, 1112005.0)	(54.0, 1112005.0)	(55.0, 880437.5)	(56.0, 648870.0)	(57.0, 648870.0)	(58.0, 648870.0)	(59.0, 480254.5)	(60.0, 311639.0)	(61.0, 311639.0)	(62.0, 311639.0)	(63.0, 217838.0)	(64.0, 124037.0)	(65.0, 124037.0)	(66.0, 82077.0)	(67.0, 40117.0)	(68.0, 40117.0)	(69.0, 40117.0)	(70.0, 25498.0)	(71.0, 10879.0)	(72.0, 10879.0)	(73.0, 6791.0)	(74.0, 2703.0)	(75.0, 2703.0)	(76.0, 2703.0)	(77.0, 1753.0)	(78.0, 803.0)	(79.0, 803.0)	(80.0, 684.5)	(81.0, 566.0)	(82.0, 566.0)	(83.0, 566.0)	(84.0, 565.5)	(85.0, 565.0)	(86.0, 565.0)	(87.0, 565.0)	(88.0, 427.0)	(89.0, 289.0)	(90.0, 289.0)	(91.0, 179.0)	(92.0, 69.0)	(93.0, 69.0)	(94.0, 69.0)	(95.0, 112.0)	(96.0, 155.0)	(97.0, 155.0)	(98.0, 334.5)	(99.0, 514.0)	(100.0, 514.0)
SRR18306577_1	(0.0, 5339052.0)	(1.0, 5339052.0)	(2.0, 2669722.5)	(3.0, 393.0)	(4.0, 393.0)	(5.0, 495.5)	(6.0, 598.0)	(7.0, 598.0)	(8.0, 598.0)	(9.0, 969.0)	(10.0, 1340.0)	(11.0, 1340.0)	(12.0, 1340.0)	(13.0, 1863.0)	(14.0, 2386.0)	(15.0, 2386.0)	(16.0, 3676.0)	(17.0, 4966.0)	(18.0, 4966.0)	(19.0, 4966.0)	(20.0, 10399.5)	(21.0, 15833.0)	(22.0, 15833.0)	(23.0, 41023.5)	(24.0, 66214.0)	(25.0, 66214.0)	(26.0, 66214.0)	(27.0, 143480.5)	(28.0, 220747.0)	(29.0, 220747.0)	(30.0, 387696.5)	(31.0, 554646.0)	(32.0, 554646.0)	(33.0, 554646.0)	(34.0, 815091.5)	(35.0, 1075537.0)	(36.0, 1075537.0)	(37.0, 1075537.0)	(38.0, 1356985.0)	(39.0, 1638433.0)	(40.0, 1638433.0)	(41.0, 1833143.5)	(42.0, 2027854.0)	(43.0, 2027854.0)	(44.0, 2027854.0)	(45.0, 2049268.0)	(46.0, 2070682.0)	(47.0, 2070682.0)	(48.0, 1908975.0)	(49.0, 1747268.0)	(50.0, 1747268.0)	(51.0, 1747268.0)	(52.0, 1488816.5)	(53.0, 1230365.0)	(54.0, 1230365.0)	(55.0, 973234.5)	(56.0, 716104.0)	(57.0, 716104.0)	(58.0, 716104.0)	(59.0, 530682.5)	(60.0, 345261.0)	(61.0, 345261.0)	(62.0, 345261.0)	(63.0, 241025.0)	(64.0, 136789.0)	(65.0, 136789.0)	(66.0, 90761.5)	(67.0, 44734.0)	(68.0, 44734.0)	(69.0, 44734.0)	(70.0, 28419.5)	(71.0, 12105.0)	(72.0, 12105.0)	(73.0, 7592.5)	(74.0, 3080.0)	(75.0, 3080.0)	(76.0, 3080.0)	(77.0, 2007.0)	(78.0, 934.0)	(79.0, 934.0)	(80.0, 705.5)	(81.0, 477.0)	(82.0, 477.0)	(83.0, 477.0)	(84.0, 414.5)	(85.0, 352.0)	(86.0, 352.0)	(87.0, 352.0)	(88.0, 234.0)	(89.0, 116.0)	(90.0, 116.0)	(91.0, 94.5)	(92.0, 73.0)	(93.0, 73.0)	(94.0, 73.0)	(95.0, 105.5)	(96.0, 138.0)	(97.0, 138.0)	(98.0, 765.5)	(99.0, 1393.0)	(100.0, 1393.0)
SRR18306577_2	(0.0, 15986.0)	(1.0, 15170.0)	(2.0, 9680.5)	(3.0, 5213.0)	(4.0, 5419.5)	(5.0, 5138.0)	(6.0, 4864.0)	(7.0, 5080.0)	(8.0, 5279.5)	(9.0, 6097.0)	(10.0, 6935.0)	(11.0, 8864.5)	(12.0, 10802.0)	(13.0, 13294.0)	(14.0, 16035.5)	(15.0, 21614.5)	(16.0, 27548.5)	(17.0, 37429.0)	(18.0, 47263.0)	(19.0, 63984.5)	(20.0, 81868.5)	(21.0, 103868.0)	(22.0, 125573.5)	(23.0, 154593.5)	(24.0, 184230.5)	(25.0, 211564.5)	(26.0, 244898.0)	(27.0, 284085.0)	(28.0, 326973.0)	(29.0, 365040.5)	(30.0, 402893.0)	(31.0, 446066.5)	(32.0, 486279.5)	(33.0, 531704.0)	(34.0, 586657.5)	(35.0, 645565.5)	(36.0, 701451.0)	(37.0, 759874.5)	(38.0, 819184.5)	(39.0, 876169.5)	(40.0, 929505.0)	(41.0, 961733.0)	(42.0, 1000716.0)	(43.0, 1027122.5)	(44.0, 1048300.0)	(45.0, 1062728.0)	(46.0, 1057991.5)	(47.0, 1038639.0)	(48.0, 1035822.5)	(49.0, 1054066.5)	(50.0, 1073310.5)	(51.0, 1077041.5)	(52.0, 1070803.5)	(53.0, 1065862.5)	(54.0, 1050675.5)	(55.0, 1008057.0)	(56.0, 969955.0)	(57.0, 923413.0)	(58.0, 867099.0)	(59.0, 817384.0)	(60.0, 763037.5)	(61.0, 690308.0)	(62.0, 615460.5)	(63.0, 548905.5)	(64.0, 487891.0)	(65.0, 446578.0)	(66.0, 400044.0)	(67.0, 347150.5)	(68.0, 299123.0)	(69.0, 256173.5)	(70.0, 211307.5)	(71.0, 173951.5)	(72.0, 137980.5)	(73.0, 105047.5)	(74.0, 77477.0)	(75.0, 59296.0)	(76.0, 49058.0)	(77.0, 39020.5)	(78.0, 29882.5)	(79.0, 24655.0)	(80.0, 20147.0)	(81.0, 16786.0)	(82.0, 13594.5)	(83.0, 11731.0)	(84.0, 9944.5)	(85.0, 8561.5)	(86.0, 7242.5)	(87.0, 6323.5)	(88.0, 5478.0)	(89.0, 4685.0)	(90.0, 3904.5)	(91.0, 3631.5)	(92.0, 3374.5)	(93.0, 3099.0)	(94.0, 2822.5)	(95.0, 2770.5)	(96.0, 2719.0)	(97.0, 2893.0)	(98.0, 3067.0)	(99.0, 7218.5)	(100.0, 11370.0)
SRR18306578_2	(0.0, 10735.0)	(1.0, 9641.0)	(2.0, 6250.5)	(3.0, 4269.0)	(4.0, 4583.5)	(5.0, 4482.0)	(6.0, 4387.0)	(7.0, 4739.5)	(8.0, 5088.0)	(9.0, 5929.5)	(10.0, 6788.0)	(11.0, 8694.0)	(12.0, 10608.5)	(13.0, 12924.5)	(14.0, 15528.0)	(15.0, 21130.0)	(16.0, 27001.0)	(17.0, 37027.5)	(18.0, 47109.0)	(19.0, 63753.0)	(20.0, 81573.5)	(21.0, 104379.5)	(22.0, 126804.0)	(23.0, 155779.0)	(24.0, 185295.0)	(25.0, 212940.5)	(26.0, 246804.5)	(27.0, 286209.5)	(28.0, 329486.5)	(29.0, 369058.0)	(30.0, 408380.5)	(31.0, 451882.5)	(32.0, 492084.0)	(33.0, 538105.0)	(34.0, 594285.5)	(35.0, 653098.0)	(36.0, 708387.0)	(37.0, 767099.5)	(38.0, 825953.0)	(39.0, 883874.0)	(40.0, 939760.0)	(41.0, 973274.5)	(42.0, 1012879.0)	(43.0, 1039859.0)	(44.0, 1061504.0)	(45.0, 1076583.0)	(46.0, 1071571.0)	(47.0, 1050491.5)	(48.0, 1047631.5)	(49.0, 1066469.5)	(50.0, 1084712.0)	(51.0, 1088062.5)	(52.0, 1082363.0)	(53.0, 1077651.5)	(54.0, 1062230.5)	(55.0, 1018690.5)	(56.0, 979584.5)	(57.0, 931210.0)	(58.0, 874176.0)	(59.0, 825400.5)	(60.0, 770707.5)	(61.0, 696683.5)	(62.0, 620411.0)	(63.0, 552719.5)	(64.0, 490957.5)	(65.0, 450539.5)	(66.0, 405201.0)	(67.0, 351018.5)	(68.0, 301666.0)	(69.0, 259235.5)	(70.0, 214615.5)	(71.0, 176844.5)	(72.0, 140388.0)	(73.0, 106586.5)	(74.0, 78257.5)	(75.0, 59707.5)	(76.0, 49269.5)	(77.0, 38892.5)	(78.0, 29453.0)	(79.0, 24403.0)	(80.0, 20083.5)	(81.0, 16742.0)	(82.0, 13533.5)	(83.0, 11751.0)	(84.0, 10058.0)	(85.0, 8657.0)	(86.0, 7326.0)	(87.0, 6393.5)	(88.0, 5537.0)	(89.0, 4756.5)	(90.0, 3981.5)	(91.0, 3657.0)	(92.0, 3346.0)	(93.0, 3097.0)	(94.0, 2849.0)	(95.0, 2791.0)	(96.0, 2733.0)	(97.0, 3030.5)	(98.0, 3328.0)	(99.0, 8269.0)	(100.0, 13210.0)
SRR18306579_1	(0.0, 5345775.0)	(1.0, 5345775.0)	(2.0, 2673098.5)	(3.0, 422.0)	(4.0, 422.0)	(5.0, 522.0)	(6.0, 622.0)	(7.0, 622.0)	(8.0, 622.0)	(9.0, 1019.0)	(10.0, 1416.0)	(11.0, 1416.0)	(12.0, 1416.0)	(13.0, 1974.0)	(14.0, 2532.0)	(15.0, 2532.0)	(16.0, 3733.5)	(17.0, 4935.0)	(18.0, 4935.0)	(19.0, 4935.0)	(20.0, 10368.0)	(21.0, 15801.0)	(22.0, 15801.0)	(23.0, 40955.5)	(24.0, 66110.0)	(25.0, 66110.0)	(26.0, 66110.0)	(27.0, 144336.5)	(28.0, 222563.0)	(29.0, 222563.0)	(30.0, 388541.0)	(31.0, 554519.0)	(32.0, 554519.0)	(33.0, 554519.0)	(34.0, 813772.5)	(35.0, 1073026.0)	(36.0, 1073026.0)	(37.0, 1073026.0)	(38.0, 1356475.0)	(39.0, 1639924.0)	(40.0, 1639924.0)	(41.0, 1835111.0)	(42.0, 2030298.0)	(43.0, 2030298.0)	(44.0, 2030298.0)	(45.0, 2050420.0)	(46.0, 2070542.0)	(47.0, 2070542.0)	(48.0, 1908076.0)	(49.0, 1745610.0)	(50.0, 1745610.0)	(51.0, 1745610.0)	(52.0, 1487077.5)	(53.0, 1228545.0)	(54.0, 1228545.0)	(55.0, 972461.5)	(56.0, 716378.0)	(57.0, 716378.0)	(58.0, 716378.0)	(59.0, 530149.5)	(60.0, 343921.0)	(61.0, 343921.0)	(62.0, 343921.0)	(63.0, 239988.5)	(64.0, 136056.0)	(65.0, 136056.0)	(66.0, 90184.5)	(67.0, 44313.0)	(68.0, 44313.0)	(69.0, 44313.0)	(70.0, 28137.0)	(71.0, 11961.0)	(72.0, 11961.0)	(73.0, 7512.5)	(74.0, 3064.0)	(75.0, 3064.0)	(76.0, 3064.0)	(77.0, 1995.5)	(78.0, 927.0)	(79.0, 927.0)	(80.0, 709.5)	(81.0, 492.0)	(82.0, 492.0)	(83.0, 492.0)	(84.0, 405.5)	(85.0, 319.0)	(86.0, 319.0)	(87.0, 319.0)	(88.0, 215.5)	(89.0, 112.0)	(90.0, 112.0)	(91.0, 81.5)	(92.0, 51.0)	(93.0, 51.0)	(94.0, 51.0)	(95.0, 95.0)	(96.0, 139.0)	(97.0, 139.0)	(98.0, 705.0)	(99.0, 1271.0)	(100.0, 1271.0)
SRR18306579_2	(0.0, 10940.0)	(1.0, 9889.0)	(2.0, 6259.5)	(3.0, 4063.0)	(4.0, 4446.0)	(5.0, 4367.5)	(6.0, 4291.5)	(7.0, 4616.0)	(8.0, 4932.5)	(9.0, 5844.5)	(10.0, 6781.0)	(11.0, 8549.5)	(12.0, 10329.0)	(13.0, 12670.5)	(14.0, 15254.5)	(15.0, 20914.5)	(16.0, 26941.5)	(17.0, 37071.0)	(18.0, 47105.0)	(19.0, 63550.0)	(20.0, 81292.0)	(21.0, 103707.5)	(22.0, 125820.5)	(23.0, 154691.0)	(24.0, 184073.5)	(25.0, 211413.0)	(26.0, 244706.5)	(27.0, 283970.0)	(28.0, 326932.0)	(29.0, 365570.0)	(30.0, 404650.0)	(31.0, 448444.0)	(32.0, 488344.0)	(33.0, 533470.0)	(34.0, 588513.0)	(35.0, 647327.5)	(36.0, 702837.0)	(37.0, 760576.0)	(38.0, 818954.0)	(39.0, 876598.0)	(40.0, 931260.5)	(41.0, 962521.5)	(42.0, 1001020.5)	(43.0, 1029020.0)	(44.0, 1050902.0)	(45.0, 1065034.5)	(46.0, 1059351.5)	(47.0, 1038922.0)	(48.0, 1035701.0)	(49.0, 1053282.0)	(50.0, 1073248.0)	(51.0, 1079064.0)	(52.0, 1073582.5)	(53.0, 1067493.0)	(54.0, 1051227.5)	(55.0, 1009203.5)	(56.0, 970778.5)	(57.0, 921313.5)	(58.0, 863667.5)	(59.0, 816684.5)	(60.0, 763935.5)	(61.0, 689738.0)	(62.0, 614205.5)	(63.0, 547988.0)	(64.0, 487088.5)	(65.0, 446517.5)	(66.0, 400047.0)	(67.0, 345963.0)	(68.0, 298281.5)	(69.0, 256631.5)	(70.0, 211874.0)	(71.0, 174291.5)	(72.0, 138259.5)	(73.0, 104759.5)	(74.0, 76914.5)	(75.0, 59096.0)	(76.0, 49090.0)	(77.0, 38821.0)	(78.0, 29439.0)	(79.0, 24444.0)	(80.0, 20143.5)	(81.0, 16794.0)	(82.0, 13644.0)	(83.0, 11830.5)	(84.0, 10079.0)	(85.0, 8655.0)	(86.0, 7279.0)	(87.0, 6425.0)	(88.0, 5667.5)	(89.0, 4917.0)	(90.0, 4165.5)	(91.0, 3853.5)	(92.0, 3562.0)	(93.0, 3312.0)	(94.0, 3060.0)	(95.0, 3024.5)	(96.0, 2989.0)	(97.0, 3190.0)	(98.0, 3391.0)	(99.0, 8375.0)	(100.0, 13359.0)
SRR18306580_1	(0.0, 5311701.0)	(1.0, 5311701.0)	(2.0, 2656025.5)	(3.0, 350.0)	(4.0, 350.0)	(5.0, 418.5)	(6.0, 487.0)	(7.0, 487.0)	(8.0, 487.0)	(9.0, 773.0)	(10.0, 1059.0)	(11.0, 1059.0)	(12.0, 1059.0)	(13.0, 1469.0)	(14.0, 1879.0)	(15.0, 1879.0)	(16.0, 3055.0)	(17.0, 4231.0)	(18.0, 4231.0)	(19.0, 4231.0)	(20.0, 9518.5)	(21.0, 14806.0)	(22.0, 14806.0)	(23.0, 39681.5)	(24.0, 64557.0)	(25.0, 64557.0)	(26.0, 64557.0)	(27.0, 142814.0)	(28.0, 221071.0)	(29.0, 221071.0)	(30.0, 387580.0)	(31.0, 554089.0)	(32.0, 554089.0)	(33.0, 554089.0)	(34.0, 810591.0)	(35.0, 1067093.0)	(36.0, 1067093.0)	(37.0, 1067093.0)	(38.0, 1348238.5)	(39.0, 1629384.0)	(40.0, 1629384.0)	(41.0, 1823651.5)	(42.0, 2017919.0)	(43.0, 2017919.0)	(44.0, 2017919.0)	(45.0, 2038079.0)	(46.0, 2058239.0)	(47.0, 2058239.0)	(48.0, 1897980.0)	(49.0, 1737721.0)	(50.0, 1737721.0)	(51.0, 1737721.0)	(52.0, 1478256.0)	(53.0, 1218791.0)	(54.0, 1218791.0)	(55.0, 964803.5)	(56.0, 710816.0)	(57.0, 710816.0)	(58.0, 710816.0)	(59.0, 526861.0)	(60.0, 342906.0)	(61.0, 342906.0)	(62.0, 342906.0)	(63.0, 239525.5)	(64.0, 136145.0)	(65.0, 136145.0)	(66.0, 90060.5)	(67.0, 43976.0)	(68.0, 43976.0)	(69.0, 43976.0)	(70.0, 28048.5)	(71.0, 12121.0)	(72.0, 12121.0)	(73.0, 7567.5)	(74.0, 3014.0)	(75.0, 3014.0)	(76.0, 3014.0)	(77.0, 1937.5)	(78.0, 861.0)	(79.0, 861.0)	(80.0, 751.0)	(81.0, 641.0)	(82.0, 641.0)	(83.0, 641.0)	(84.0, 633.5)	(85.0, 626.0)	(86.0, 626.0)	(87.0, 626.0)	(88.0, 464.0)	(89.0, 302.0)	(90.0, 302.0)	(91.0, 187.5)	(92.0, 73.0)	(93.0, 73.0)	(94.0, 73.0)	(95.0, 105.5)	(96.0, 138.0)	(97.0, 138.0)	(98.0, 371.0)	(99.0, 604.0)	(100.0, 604.0)
SRR18306580_2	(0.0, 14700.0)	(1.0, 13886.5)	(2.0, 8860.5)	(3.0, 4864.0)	(4.0, 5079.5)	(5.0, 4807.0)	(6.0, 4543.0)	(7.0, 4824.5)	(8.0, 5075.0)	(9.0, 5895.5)	(10.0, 6748.5)	(11.0, 8469.5)	(12.0, 10197.5)	(13.0, 12540.5)	(14.0, 15140.5)	(15.0, 20754.0)	(16.0, 26728.5)	(17.0, 36732.0)	(18.0, 46688.5)	(19.0, 62934.5)	(20.0, 80347.0)	(21.0, 102867.0)	(22.0, 125192.5)	(23.0, 153250.5)	(24.0, 181604.0)	(25.0, 208720.0)	(26.0, 242009.0)	(27.0, 281272.5)	(28.0, 324116.0)	(29.0, 362788.5)	(30.0, 401748.5)	(31.0, 444660.5)	(32.0, 484065.5)	(33.0, 529445.0)	(34.0, 584930.0)	(35.0, 642656.0)	(36.0, 696010.5)	(37.0, 753222.5)	(38.0, 811707.0)	(39.0, 868977.5)	(40.0, 923797.5)	(41.0, 956372.5)	(42.0, 995170.5)	(43.0, 1021771.5)	(44.0, 1042849.5)	(45.0, 1057841.5)	(46.0, 1053535.0)	(47.0, 1033430.5)	(48.0, 1030519.5)	(49.0, 1048427.0)	(50.0, 1066590.0)	(51.0, 1072048.5)	(52.0, 1068206.5)	(53.0, 1062239.5)	(54.0, 1045540.0)	(55.0, 1003005.0)	(56.0, 965488.0)	(57.0, 918824.0)	(58.0, 862687.0)	(59.0, 814338.5)	(60.0, 760812.0)	(61.0, 686716.5)	(62.0, 610230.0)	(63.0, 543578.5)	(64.0, 483074.5)	(65.0, 443669.0)	(66.0, 398336.5)	(67.0, 344529.5)	(68.0, 296523.0)	(69.0, 254299.5)	(70.0, 209971.0)	(71.0, 173494.0)	(72.0, 137821.5)	(73.0, 104416.0)	(74.0, 76542.0)	(75.0, 58484.0)	(76.0, 48442.0)	(77.0, 38401.5)	(78.0, 29232.5)	(79.0, 24111.5)	(80.0, 19738.5)	(81.0, 16588.0)	(82.0, 13510.5)	(83.0, 11631.5)	(84.0, 9907.5)	(85.0, 8565.0)	(86.0, 7267.0)	(87.0, 6291.5)	(88.0, 5398.0)	(89.0, 4601.5)	(90.0, 3809.0)	(91.0, 3574.5)	(92.0, 3357.0)	(93.0, 3114.0)	(94.0, 2869.0)	(95.0, 2832.0)	(96.0, 2796.0)	(97.0, 2975.0)	(98.0, 3154.0)	(99.0, 8062.5)	(100.0, 12971.0)
SRR18306581_1	(0.0, 5255181.0)	(1.0, 5255181.0)	(2.0, 2627779.0)	(3.0, 377.0)	(4.0, 377.0)	(5.0, 435.5)	(6.0, 494.0)	(7.0, 494.0)	(8.0, 494.0)	(9.0, 792.5)	(10.0, 1091.0)	(11.0, 1091.0)	(12.0, 1091.0)	(13.0, 1543.5)	(14.0, 1996.0)	(15.0, 1996.0)	(16.0, 3077.0)	(17.0, 4158.0)	(18.0, 4158.0)	(19.0, 4158.0)	(20.0, 9463.5)	(21.0, 14769.0)	(22.0, 14769.0)	(23.0, 39479.5)	(24.0, 64190.0)	(25.0, 64190.0)	(26.0, 64190.0)	(27.0, 140392.5)	(28.0, 216595.0)	(29.0, 216595.0)	(30.0, 381584.0)	(31.0, 546573.0)	(32.0, 546573.0)	(33.0, 546573.0)	(34.0, 801743.5)	(35.0, 1056914.0)	(36.0, 1056914.0)	(37.0, 1056914.0)	(38.0, 1335202.5)	(39.0, 1613491.0)	(40.0, 1613491.0)	(41.0, 1807116.5)	(42.0, 2000742.0)	(43.0, 2000742.0)	(44.0, 2000742.0)	(45.0, 2020210.0)	(46.0, 2039678.0)	(47.0, 2039678.0)	(48.0, 1878883.5)	(49.0, 1718089.0)	(50.0, 1718089.0)	(51.0, 1718089.0)	(52.0, 1464188.0)	(53.0, 1210287.0)	(54.0, 1210287.0)	(55.0, 956880.5)	(56.0, 703474.0)	(57.0, 703474.0)	(58.0, 703474.0)	(59.0, 522053.5)	(60.0, 340633.0)	(61.0, 340633.0)	(62.0, 340633.0)	(63.0, 237544.0)	(64.0, 134455.0)	(65.0, 134455.0)	(66.0, 89223.5)	(67.0, 43992.0)	(68.0, 43992.0)	(69.0, 43992.0)	(70.0, 27987.0)	(71.0, 11982.0)	(72.0, 11982.0)	(73.0, 7507.0)	(74.0, 3032.0)	(75.0, 3032.0)	(76.0, 3032.0)	(77.0, 1947.5)	(78.0, 863.0)	(79.0, 863.0)	(80.0, 656.0)	(81.0, 449.0)	(82.0, 449.0)	(83.0, 449.0)	(84.0, 384.0)	(85.0, 319.0)	(86.0, 319.0)	(87.0, 319.0)	(88.0, 215.5)	(89.0, 112.0)	(90.0, 112.0)	(91.0, 88.0)	(92.0, 64.0)	(93.0, 64.0)	(94.0, 64.0)	(95.0, 110.5)	(96.0, 157.0)	(97.0, 157.0)	(98.0, 781.0)	(99.0, 1405.0)	(100.0, 1405.0)
SRR18306581_2	(0.0, 15727.0)	(1.0, 14927.5)	(2.0, 9501.0)	(3.0, 5051.0)	(4.0, 5226.0)	(5.0, 4899.5)	(6.0, 4576.5)	(7.0, 4915.5)	(8.0, 5240.5)	(9.0, 6006.5)	(10.0, 6794.5)	(11.0, 8690.0)	(12.0, 10599.0)	(13.0, 12934.0)	(14.0, 15511.0)	(15.0, 21097.0)	(16.0, 27087.5)	(17.0, 37079.0)	(18.0, 46886.5)	(19.0, 63094.5)	(20.0, 80617.5)	(21.0, 102599.5)	(22.0, 124140.0)	(23.0, 152313.0)	(24.0, 181208.5)	(25.0, 208361.5)	(26.0, 241277.5)	(27.0, 278966.5)	(28.0, 320323.0)	(29.0, 359074.0)	(30.0, 397858.0)	(31.0, 440237.5)	(32.0, 479353.0)	(33.0, 523783.5)	(34.0, 578028.0)	(35.0, 635180.0)	(36.0, 688909.0)	(37.0, 746097.5)	(38.0, 804313.0)	(39.0, 861381.0)	(40.0, 914819.5)	(41.0, 946217.5)	(42.0, 984131.0)	(43.0, 1010366.0)	(44.0, 1031902.5)	(45.0, 1046695.5)	(46.0, 1041997.5)	(47.0, 1023144.5)	(48.0, 1021657.0)	(49.0, 1038349.5)	(50.0, 1054409.0)	(51.0, 1057689.5)	(52.0, 1052668.0)	(53.0, 1049038.5)	(54.0, 1034837.5)	(55.0, 992367.0)	(56.0, 953954.5)	(57.0, 907952.0)	(58.0, 852936.5)	(59.0, 804754.0)	(60.0, 751726.0)	(61.0, 680111.0)	(62.0, 606274.5)	(63.0, 540957.5)	(64.0, 480818.0)	(65.0, 439956.5)	(66.0, 394184.0)	(67.0, 341458.0)	(68.0, 294163.0)	(69.0, 252438.5)	(70.0, 208162.0)	(71.0, 171506.5)	(72.0, 136528.5)	(73.0, 104055.5)	(74.0, 76671.0)	(75.0, 58552.0)	(76.0, 48273.0)	(77.0, 38229.5)	(78.0, 29143.0)	(79.0, 24143.5)	(80.0, 19755.0)	(81.0, 16511.5)	(82.0, 13466.0)	(83.0, 11663.5)	(84.0, 9942.5)	(85.0, 8523.0)	(86.0, 7191.5)	(87.0, 6352.5)	(88.0, 5576.0)	(89.0, 4775.0)	(90.0, 3975.5)	(91.0, 3585.0)	(92.0, 3211.5)	(93.0, 2956.5)	(94.0, 2701.0)	(95.0, 2639.0)	(96.0, 2577.0)	(97.0, 2839.0)	(98.0, 3101.0)	(99.0, 7116.0)	(100.0, 11131.0)
SRR18306582_1	(0.0, 5315494.0)	(1.0, 5315494.0)	(2.0, 2657943.0)	(3.0, 392.0)	(4.0, 392.0)	(5.0, 464.0)	(6.0, 536.0)	(7.0, 536.0)	(8.0, 536.0)	(9.0, 839.5)	(10.0, 1143.0)	(11.0, 1143.0)	(12.0, 1143.0)	(13.0, 1570.5)	(14.0, 1998.0)	(15.0, 1998.0)	(16.0, 3116.5)	(17.0, 4235.0)	(18.0, 4235.0)	(19.0, 4235.0)	(20.0, 9521.0)	(21.0, 14807.0)	(22.0, 14807.0)	(23.0, 39705.5)	(24.0, 64604.0)	(25.0, 64604.0)	(26.0, 64604.0)	(27.0, 142208.0)	(28.0, 219812.0)	(29.0, 219812.0)	(30.0, 386784.5)	(31.0, 553757.0)	(32.0, 553757.0)	(33.0, 553757.0)	(34.0, 810809.0)	(35.0, 1067861.0)	(36.0, 1067861.0)	(37.0, 1067861.0)	(38.0, 1349469.0)	(39.0, 1631077.0)	(40.0, 1631077.0)	(41.0, 1825768.5)	(42.0, 2020460.0)	(43.0, 2020460.0)	(44.0, 2020460.0)	(45.0, 2040544.5)	(46.0, 2060629.0)	(47.0, 2060629.0)	(48.0, 1898989.5)	(49.0, 1737350.0)	(50.0, 1737350.0)	(51.0, 1737350.0)	(52.0, 1479183.5)	(53.0, 1221017.0)	(54.0, 1221017.0)	(55.0, 966047.0)	(56.0, 711077.0)	(57.0, 711077.0)	(58.0, 711077.0)	(59.0, 526903.5)	(60.0, 342730.0)	(61.0, 342730.0)	(62.0, 342730.0)	(63.0, 239268.0)	(64.0, 135806.0)	(65.0, 135806.0)	(66.0, 89795.5)	(67.0, 43785.0)	(68.0, 43785.0)	(69.0, 43785.0)	(70.0, 27885.5)	(71.0, 11986.0)	(72.0, 11986.0)	(73.0, 7480.0)	(74.0, 2974.0)	(75.0, 2974.0)	(76.0, 2974.0)	(77.0, 1928.5)	(78.0, 883.0)	(79.0, 883.0)	(80.0, 718.5)	(81.0, 554.0)	(82.0, 554.0)	(83.0, 554.0)	(84.0, 538.0)	(85.0, 522.0)	(86.0, 522.0)	(87.0, 522.0)	(88.0, 372.0)	(89.0, 222.0)	(90.0, 222.0)	(91.0, 145.0)	(92.0, 68.0)	(93.0, 68.0)	(94.0, 68.0)	(95.0, 106.0)	(96.0, 144.0)	(97.0, 144.0)	(98.0, 347.5)	(99.0, 551.0)	(100.0, 551.0)
SRR18306582_2	(0.0, 10460.0)	(1.0, 9475.0)	(2.0, 6192.5)	(3.0, 4164.5)	(4.0, 4439.0)	(5.0, 4438.5)	(6.0, 4432.0)	(7.0, 4715.0)	(8.0, 4992.5)	(9.0, 5773.0)	(10.0, 6576.0)	(11.0, 8395.5)	(12.0, 10230.5)	(13.0, 12564.5)	(14.0, 15188.5)	(15.0, 20871.0)	(16.0, 26796.0)	(17.0, 36678.5)	(18.0, 46607.5)	(19.0, 63179.0)	(20.0, 80953.5)	(21.0, 103257.0)	(22.0, 125210.0)	(23.0, 153848.5)	(24.0, 182986.0)	(25.0, 209793.0)	(26.0, 242746.5)	(27.0, 281819.0)	(28.0, 324524.0)	(29.0, 363679.0)	(30.0, 402779.0)	(31.0, 445099.0)	(32.0, 484479.5)	(33.0, 530261.5)	(34.0, 585290.0)	(35.0, 642859.0)	(36.0, 696996.0)	(37.0, 754670.5)	(38.0, 813557.5)	(39.0, 870414.5)	(40.0, 923946.5)	(41.0, 956817.5)	(42.0, 996091.5)	(43.0, 1021804.0)	(44.0, 1043180.0)	(45.0, 1058799.5)	(46.0, 1053663.5)	(47.0, 1033891.5)	(48.0, 1032151.5)	(49.0, 1049500.0)	(50.0, 1066512.5)	(51.0, 1071277.5)	(52.0, 1067366.0)	(53.0, 1062054.0)	(54.0, 1045934.0)	(55.0, 1004256.5)	(56.0, 967019.0)	(57.0, 919512.0)	(58.0, 862919.0)	(59.0, 813863.0)	(60.0, 759222.5)	(61.0, 686271.5)	(62.0, 611567.5)	(63.0, 545203.5)	(64.0, 484552.5)	(65.0, 444530.5)	(66.0, 399326.5)	(67.0, 345936.5)	(68.0, 297497.0)	(69.0, 255312.5)	(70.0, 210817.0)	(71.0, 173400.0)	(72.0, 137530.5)	(73.0, 104472.5)	(74.0, 76766.0)	(75.0, 58661.5)	(76.0, 48477.5)	(77.0, 38479.0)	(78.0, 29384.5)	(79.0, 24205.5)	(80.0, 19753.0)	(81.0, 16520.5)	(82.0, 13415.5)	(83.0, 11590.0)	(84.0, 9856.5)	(85.0, 8497.5)	(86.0, 7217.5)	(87.0, 6343.5)	(88.0, 5530.0)	(89.0, 4723.0)	(90.0, 3937.5)	(91.0, 3690.0)	(92.0, 3454.0)	(93.0, 3144.0)	(94.0, 2834.0)	(95.0, 2761.5)	(96.0, 2689.0)	(97.0, 3019.5)	(98.0, 3350.0)	(99.0, 8119.0)	(100.0, 12888.0)
SRR18306583_1	(0.0, 5245751.0)	(1.0, 5245751.0)	(2.0, 2623063.5)	(3.0, 376.0)	(4.0, 376.0)	(5.0, 444.5)	(6.0, 513.0)	(7.0, 513.0)	(8.0, 513.0)	(9.0, 816.0)	(10.0, 1119.0)	(11.0, 1119.0)	(12.0, 1119.0)	(13.0, 1578.0)	(14.0, 2037.0)	(15.0, 2037.0)	(16.0, 3125.5)	(17.0, 4214.0)	(18.0, 4214.0)	(19.0, 4214.0)	(20.0, 9470.5)	(21.0, 14727.0)	(22.0, 14727.0)	(23.0, 39236.5)	(24.0, 63746.0)	(25.0, 63746.0)	(26.0, 63746.0)	(27.0, 140551.0)	(28.0, 217356.0)	(29.0, 217356.0)	(30.0, 382063.0)	(31.0, 546770.0)	(32.0, 546770.0)	(33.0, 546770.0)	(34.0, 801854.0)	(35.0, 1056938.0)	(36.0, 1056938.0)	(37.0, 1056938.0)	(38.0, 1335318.5)	(39.0, 1613699.0)	(40.0, 1613699.0)	(41.0, 1804675.0)	(42.0, 1995651.0)	(43.0, 1995651.0)	(44.0, 1995651.0)	(45.0, 2015122.0)	(46.0, 2034593.0)	(47.0, 2034593.0)	(48.0, 1876329.0)	(49.0, 1718065.0)	(50.0, 1718065.0)	(51.0, 1718065.0)	(52.0, 1462336.5)	(53.0, 1206608.0)	(54.0, 1206608.0)	(55.0, 954814.0)	(56.0, 703020.0)	(57.0, 703020.0)	(58.0, 703020.0)	(59.0, 521056.0)	(60.0, 339092.0)	(61.0, 339092.0)	(62.0, 339092.0)	(63.0, 236630.5)	(64.0, 134169.0)	(65.0, 134169.0)	(66.0, 88837.0)	(67.0, 43505.0)	(68.0, 43505.0)	(69.0, 43505.0)	(70.0, 27635.5)	(71.0, 11766.0)	(72.0, 11766.0)	(73.0, 7380.0)	(74.0, 2994.0)	(75.0, 2994.0)	(76.0, 2994.0)	(77.0, 1932.0)	(78.0, 870.0)	(79.0, 870.0)	(80.0, 665.0)	(81.0, 460.0)	(82.0, 460.0)	(83.0, 460.0)	(84.0, 409.0)	(85.0, 358.0)	(86.0, 358.0)	(87.0, 358.0)	(88.0, 223.5)	(89.0, 89.0)	(90.0, 89.0)	(91.0, 74.0)	(92.0, 59.0)	(93.0, 59.0)	(94.0, 59.0)	(95.0, 92.0)	(96.0, 125.0)	(97.0, 125.0)	(98.0, 680.5)	(99.0, 1236.0)	(100.0, 1236.0)
SRR18306583_2	(0.0, 11024.0)	(1.0, 9906.0)	(2.0, 6163.5)	(3.0, 3864.5)	(4.0, 4196.5)	(5.0, 4252.0)	(6.0, 4295.5)	(7.0, 4611.5)	(8.0, 4937.5)	(9.0, 5692.0)	(10.0, 6455.5)	(11.0, 8299.5)	(12.0, 10151.0)	(13.0, 12446.5)	(14.0, 15010.0)	(15.0, 20382.0)	(16.0, 26072.5)	(17.0, 35915.5)	(18.0, 45798.0)	(19.0, 62338.5)	(20.0, 79946.5)	(21.0, 102020.5)	(22.0, 123720.5)	(23.0, 152046.0)	(24.0, 181140.0)	(25.0, 208219.5)	(26.0, 241270.0)	(27.0, 279111.0)	(28.0, 320340.0)	(29.0, 359463.0)	(30.0, 398960.0)	(31.0, 441420.0)	(32.0, 480156.5)	(33.0, 523963.5)	(34.0, 577952.5)	(35.0, 636107.0)	(36.0, 689643.0)	(37.0, 745765.5)	(38.0, 804151.0)	(39.0, 861497.5)	(40.0, 915124.0)	(41.0, 945967.0)	(42.0, 983848.5)	(43.0, 1010692.5)	(44.0, 1031949.5)	(45.0, 1046118.5)	(46.0, 1040760.5)	(47.0, 1020990.5)	(48.0, 1017652.5)	(49.0, 1034837.5)	(50.0, 1053775.5)	(51.0, 1058705.0)	(52.0, 1054048.0)	(53.0, 1049303.5)	(54.0, 1033168.0)	(55.0, 990456.5)	(56.0, 952691.5)	(57.0, 904992.0)	(58.0, 848438.0)	(59.0, 801268.0)	(60.0, 749345.5)	(61.0, 677827.5)	(62.0, 603552.5)	(63.0, 538192.5)	(64.0, 478937.5)	(65.0, 439424.0)	(66.0, 394482.0)	(67.0, 342031.0)	(68.0, 294522.0)	(69.0, 252282.5)	(70.0, 207807.5)	(71.0, 171277.5)	(72.0, 136381.5)	(73.0, 103581.0)	(74.0, 75892.5)	(75.0, 57996.0)	(76.0, 48085.5)	(77.0, 38355.5)	(78.0, 29447.0)	(79.0, 24284.5)	(80.0, 19814.5)	(81.0, 16539.5)	(82.0, 13426.5)	(83.0, 11576.0)	(84.0, 9845.0)	(85.0, 8618.5)	(86.0, 7456.5)	(87.0, 6459.5)	(88.0, 5529.5)	(89.0, 4820.0)	(90.0, 4113.0)	(91.0, 3785.5)	(92.0, 3475.0)	(93.0, 3195.0)	(94.0, 2913.5)	(95.0, 2837.5)	(96.0, 2762.0)	(97.0, 3104.0)	(98.0, 3446.0)	(99.0, 8295.5)	(100.0, 13145.0)
SRR18306584_1	(0.0, 4787766.0)	(1.0, 4787766.0)	(2.0, 2394050.5)	(3.0, 335.0)	(4.0, 335.0)	(5.0, 410.0)	(6.0, 485.0)	(7.0, 485.0)	(8.0, 485.0)	(9.0, 745.0)	(10.0, 1005.0)	(11.0, 1005.0)	(12.0, 1005.0)	(13.0, 1396.5)	(14.0, 1788.0)	(15.0, 1788.0)	(16.0, 2778.5)	(17.0, 3769.0)	(18.0, 3769.0)	(19.0, 3769.0)	(20.0, 8577.0)	(21.0, 13385.0)	(22.0, 13385.0)	(23.0, 35793.0)	(24.0, 58201.0)	(25.0, 58201.0)	(26.0, 58201.0)	(27.0, 127946.0)	(28.0, 197691.0)	(29.0, 197691.0)	(30.0, 348098.5)	(31.0, 498506.0)	(32.0, 498506.0)	(33.0, 498506.0)	(34.0, 729430.5)	(35.0, 960355.0)	(36.0, 960355.0)	(37.0, 960355.0)	(38.0, 1214158.0)	(39.0, 1467961.0)	(40.0, 1467961.0)	(41.0, 1643957.5)	(42.0, 1819954.0)	(43.0, 1819954.0)	(44.0, 1819954.0)	(45.0, 1838255.5)	(46.0, 1856557.0)	(47.0, 1856557.0)	(48.0, 1712107.0)	(49.0, 1567657.0)	(50.0, 1567657.0)	(51.0, 1567657.0)	(52.0, 1336330.5)	(53.0, 1105004.0)	(54.0, 1105004.0)	(55.0, 873769.5)	(56.0, 642535.0)	(57.0, 642535.0)	(58.0, 642535.0)	(59.0, 476174.5)	(60.0, 309814.0)	(61.0, 309814.0)	(62.0, 309814.0)	(63.0, 216292.5)	(64.0, 122771.0)	(65.0, 122771.0)	(66.0, 81369.0)	(67.0, 39967.0)	(68.0, 39967.0)	(69.0, 39967.0)	(70.0, 25452.5)	(71.0, 10938.0)	(72.0, 10938.0)	(73.0, 6787.0)	(74.0, 2636.0)	(75.0, 2636.0)	(76.0, 2636.0)	(77.0, 1730.5)	(78.0, 825.0)	(79.0, 825.0)	(80.0, 631.0)	(81.0, 437.0)	(82.0, 437.0)	(83.0, 437.0)	(84.0, 379.5)	(85.0, 322.0)	(86.0, 322.0)	(87.0, 322.0)	(88.0, 213.5)	(89.0, 105.0)	(90.0, 105.0)	(91.0, 81.0)	(92.0, 57.0)	(93.0, 57.0)	(94.0, 57.0)	(95.0, 97.0)	(96.0, 137.0)	(97.0, 137.0)	(98.0, 728.5)	(99.0, 1320.0)	(100.0, 1320.0)
SRR18306584_2	(0.0, 14488.0)	(1.0, 13743.0)	(2.0, 8761.0)	(3.0, 4578.5)	(4.0, 4637.0)	(5.0, 4452.0)	(6.0, 4267.0)	(7.0, 4387.0)	(8.0, 4494.0)	(9.0, 5332.5)	(10.0, 6187.0)	(11.0, 7787.0)	(12.0, 9400.5)	(13.0, 11405.0)	(14.0, 13633.5)	(15.0, 18733.5)	(16.0, 24151.5)	(17.0, 32903.5)	(18.0, 41572.0)	(19.0, 56416.0)	(20.0, 72358.5)	(21.0, 92202.5)	(22.0, 111812.0)	(23.0, 137085.5)	(24.0, 162670.5)	(25.0, 187212.5)	(26.0, 217493.5)	(27.0, 251870.0)	(28.0, 289279.5)	(29.0, 324033.5)	(30.0, 358797.0)	(31.0, 397982.0)	(32.0, 434399.5)	(33.0, 474277.0)	(34.0, 522771.0)	(35.0, 574891.5)	(36.0, 623714.5)	(37.0, 675473.0)	(38.0, 728313.0)	(39.0, 779312.5)	(40.0, 827781.0)	(41.0, 857588.5)	(42.0, 892764.0)	(43.0, 917322.5)	(44.0, 937358.5)	(45.0, 950206.0)	(46.0, 946127.0)	(47.0, 929772.5)	(48.0, 928120.5)	(49.0, 943837.0)	(50.0, 960113.0)	(51.0, 963949.0)	(52.0, 959364.0)	(53.0, 954446.0)	(54.0, 940081.0)	(55.0, 902614.5)	(56.0, 869277.0)	(57.0, 827455.0)	(58.0, 777240.0)	(59.0, 734690.5)	(60.0, 687595.5)	(61.0, 621788.5)	(62.0, 554226.0)	(63.0, 495086.0)	(64.0, 440823.5)	(65.0, 404656.0)	(66.0, 363511.0)	(67.0, 315604.0)	(68.0, 272499.5)	(69.0, 233811.0)	(70.0, 192898.0)	(71.0, 159291.5)	(72.0, 127238.5)	(73.0, 97359.0)	(74.0, 72068.5)	(75.0, 55660.5)	(76.0, 46640.5)	(77.0, 37253.0)	(78.0, 28443.5)	(79.0, 23603.5)	(80.0, 19519.0)	(81.0, 16547.0)	(82.0, 13718.5)	(83.0, 12029.0)	(84.0, 10429.0)	(85.0, 9231.0)	(86.0, 8076.0)	(87.0, 7103.0)	(88.0, 6202.0)	(89.0, 5498.0)	(90.0, 4804.5)	(91.0, 4601.0)	(92.0, 4411.5)	(93.0, 4180.0)	(94.0, 3948.0)	(95.0, 3879.5)	(96.0, 3811.0)	(97.0, 4256.5)	(98.0, 4702.0)	(99.0, 9458.5)	(100.0, 14215.0)
SRR18306585_1	(0.0, 4836631.0)	(1.0, 4836631.0)	(2.0, 2418498.5)	(3.0, 366.0)	(4.0, 366.0)	(5.0, 406.5)	(6.0, 447.0)	(7.0, 447.0)	(8.0, 447.0)	(9.0, 722.0)	(10.0, 997.0)	(11.0, 997.0)	(12.0, 997.0)	(13.0, 1414.0)	(14.0, 1831.0)	(15.0, 1831.0)	(16.0, 2855.0)	(17.0, 3879.0)	(18.0, 3879.0)	(19.0, 3879.0)	(20.0, 8667.0)	(21.0, 13455.0)	(22.0, 13455.0)	(23.0, 36175.0)	(24.0, 58895.0)	(25.0, 58895.0)	(26.0, 58895.0)	(27.0, 129112.5)	(28.0, 199330.0)	(29.0, 199330.0)	(30.0, 351501.0)	(31.0, 503672.0)	(32.0, 503672.0)	(33.0, 503672.0)	(34.0, 737097.5)	(35.0, 970523.0)	(36.0, 970523.0)	(37.0, 970523.0)	(38.0, 1227090.0)	(39.0, 1483657.0)	(40.0, 1483657.0)	(41.0, 1660489.0)	(42.0, 1837321.0)	(43.0, 1837321.0)	(44.0, 1837321.0)	(45.0, 1856030.5)	(46.0, 1874740.0)	(47.0, 1874740.0)	(48.0, 1728552.5)	(49.0, 1582365.0)	(50.0, 1582365.0)	(51.0, 1582365.0)	(52.0, 1346118.5)	(53.0, 1109872.0)	(54.0, 1109872.0)	(55.0, 878421.5)	(56.0, 646971.0)	(57.0, 646971.0)	(58.0, 646971.0)	(59.0, 479401.5)	(60.0, 311832.0)	(61.0, 311832.0)	(62.0, 311832.0)	(63.0, 217701.5)	(64.0, 123571.0)	(65.0, 123571.0)	(66.0, 81655.0)	(67.0, 39739.0)	(68.0, 39739.0)	(69.0, 39739.0)	(70.0, 25306.5)	(71.0, 10874.0)	(72.0, 10874.0)	(73.0, 6717.0)	(74.0, 2560.0)	(75.0, 2560.0)	(76.0, 2560.0)	(77.0, 1695.5)	(78.0, 831.0)	(79.0, 831.0)	(80.0, 651.0)	(81.0, 471.0)	(82.0, 471.0)	(83.0, 471.0)	(84.0, 467.0)	(85.0, 463.0)	(86.0, 463.0)	(87.0, 463.0)	(88.0, 333.5)	(89.0, 204.0)	(90.0, 204.0)	(91.0, 134.5)	(92.0, 65.0)	(93.0, 65.0)	(94.0, 65.0)	(95.0, 98.5)	(96.0, 132.0)	(97.0, 132.0)	(98.0, 320.5)	(99.0, 509.0)	(100.0, 509.0)
SRR18306585_2	(0.0, 9731.0)	(1.0, 8753.0)	(2.0, 5707.0)	(3.0, 3871.0)	(4.0, 4104.0)	(5.0, 4035.5)	(6.0, 3970.0)	(7.0, 4208.5)	(8.0, 4442.5)	(9.0, 5114.0)	(10.0, 5806.0)	(11.0, 7433.5)	(12.0, 9049.0)	(13.0, 11095.5)	(14.0, 13429.5)	(15.0, 18434.5)	(16.0, 23651.5)	(17.0, 32386.5)	(18.0, 41215.0)	(19.0, 56159.0)	(20.0, 72089.5)	(21.0, 92241.0)	(22.0, 112136.0)	(23.0, 137750.0)	(24.0, 163849.5)	(25.0, 188810.0)	(26.0, 219176.0)	(27.0, 254280.0)	(28.0, 292797.5)	(29.0, 328268.0)	(30.0, 363954.0)	(31.0, 403080.5)	(32.0, 439043.5)	(33.0, 479640.5)	(34.0, 528774.0)	(35.0, 581899.5)	(36.0, 632045.5)	(37.0, 684302.0)	(38.0, 737620.0)	(39.0, 788703.0)	(40.0, 836968.0)	(41.0, 867741.0)	(42.0, 903961.0)	(43.0, 927553.0)	(44.0, 947422.0)	(45.0, 961325.0)	(46.0, 956810.0)	(47.0, 939426.0)	(48.0, 937756.5)	(49.0, 954254.0)	(50.0, 970926.5)	(51.0, 974550.5)	(52.0, 969221.5)	(53.0, 964803.5)	(54.0, 951977.5)	(55.0, 913704.5)	(56.0, 878897.0)	(57.0, 836436.5)	(58.0, 785127.5)	(59.0, 740404.0)	(60.0, 692051.5)	(61.0, 626543.5)	(62.0, 558805.0)	(63.0, 499434.5)	(64.0, 443918.0)	(65.0, 406186.5)	(66.0, 365493.5)	(67.0, 317790.0)	(68.0, 273695.5)	(69.0, 235104.0)	(70.0, 194739.0)	(71.0, 160711.5)	(72.0, 127947.0)	(73.0, 97698.0)	(74.0, 72134.0)	(75.0, 55402.5)	(76.0, 46064.5)	(77.0, 36785.0)	(78.0, 28310.5)	(79.0, 23366.0)	(80.0, 19056.5)	(81.0, 16049.5)	(82.0, 13225.0)	(83.0, 11474.5)	(84.0, 9805.0)	(85.0, 8591.5)	(86.0, 7427.0)	(87.0, 6595.5)	(88.0, 5842.0)	(89.0, 5111.5)	(90.0, 4389.0)	(91.0, 4209.0)	(92.0, 4042.0)	(93.0, 3769.5)	(94.0, 3496.0)	(95.0, 3457.5)	(96.0, 3419.0)	(97.0, 3735.0)	(98.0, 4051.0)	(99.0, 9226.5)	(100.0, 14402.0)
SRR18306586_1	(0.0, 4788314.0)	(1.0, 4788314.0)	(2.0, 2394330.5)	(3.0, 347.0)	(4.0, 347.0)	(5.0, 393.0)	(6.0, 439.0)	(7.0, 439.0)	(8.0, 439.0)	(9.0, 771.0)	(10.0, 1103.0)	(11.0, 1103.0)	(12.0, 1103.0)	(13.0, 1436.5)	(14.0, 1770.0)	(15.0, 1770.0)	(16.0, 2755.0)	(17.0, 3740.0)	(18.0, 3740.0)	(19.0, 3740.0)	(20.0, 8444.5)	(21.0, 13149.0)	(22.0, 13149.0)	(23.0, 35616.0)	(24.0, 58083.0)	(25.0, 58083.0)	(26.0, 58083.0)	(27.0, 128027.5)	(28.0, 197972.0)	(29.0, 197972.0)	(30.0, 347548.5)	(31.0, 497125.0)	(32.0, 497125.0)	(33.0, 497125.0)	(34.0, 729205.0)	(35.0, 961285.0)	(36.0, 961285.0)	(37.0, 961285.0)	(38.0, 1214514.5)	(39.0, 1467744.0)	(40.0, 1467744.0)	(41.0, 1642658.0)	(42.0, 1817572.0)	(43.0, 1817572.0)	(44.0, 1817572.0)	(45.0, 1836139.5)	(46.0, 1854707.0)	(47.0, 1854707.0)	(48.0, 1710249.5)	(49.0, 1565792.0)	(50.0, 1565792.0)	(51.0, 1565792.0)	(52.0, 1333037.5)	(53.0, 1100283.0)	(54.0, 1100283.0)	(55.0, 870969.5)	(56.0, 641656.0)	(57.0, 641656.0)	(58.0, 641656.0)	(59.0, 475769.5)	(60.0, 309883.0)	(61.0, 309883.0)	(62.0, 309883.0)	(63.0, 216130.0)	(64.0, 122377.0)	(65.0, 122377.0)	(66.0, 81000.5)	(67.0, 39624.0)	(68.0, 39624.0)	(69.0, 39624.0)	(70.0, 25213.0)	(71.0, 10802.0)	(72.0, 10802.0)	(73.0, 6746.5)	(74.0, 2691.0)	(75.0, 2691.0)	(76.0, 2691.0)	(77.0, 1771.0)	(78.0, 851.0)	(79.0, 851.0)	(80.0, 649.0)	(81.0, 447.0)	(82.0, 447.0)	(83.0, 447.0)	(84.0, 365.0)	(85.0, 283.0)	(86.0, 283.0)	(87.0, 283.0)	(88.0, 187.0)	(89.0, 91.0)	(90.0, 91.0)	(91.0, 64.0)	(92.0, 37.0)	(93.0, 37.0)	(94.0, 37.0)	(95.0, 79.5)	(96.0, 122.0)	(97.0, 122.0)	(98.0, 640.0)	(99.0, 1158.0)	(100.0, 1158.0)
SRR18306586_2	(0.0, 10087.0)	(1.0, 9088.0)	(2.0, 5713.5)	(3.0, 3733.0)	(4.0, 4124.5)	(5.0, 4018.0)	(6.0, 3920.0)	(7.0, 4079.0)	(8.0, 4235.5)	(9.0, 5050.5)	(10.0, 5872.5)	(11.0, 7340.0)	(12.0, 8823.0)	(13.0, 10953.5)	(14.0, 13315.5)	(15.0, 18161.5)	(16.0, 23353.5)	(17.0, 32165.0)	(18.0, 40836.0)	(19.0, 55649.0)	(20.0, 71637.5)	(21.0, 91586.5)	(22.0, 111187.5)	(23.0, 136642.5)	(24.0, 162615.5)	(25.0, 186848.5)	(26.0, 216505.5)	(27.0, 251788.0)	(28.0, 290768.0)	(29.0, 325879.0)	(30.0, 360065.0)	(31.0, 398003.0)	(32.0, 433714.5)	(33.0, 474680.5)	(34.0, 523801.0)	(35.0, 575708.0)	(36.0, 624684.0)	(37.0, 675870.0)	(38.0, 728245.5)	(39.0, 779903.0)	(40.0, 828888.0)	(41.0, 858306.5)	(42.0, 893535.5)	(43.0, 918209.5)	(44.0, 937826.0)	(45.0, 950838.0)	(46.0, 947217.0)	(47.0, 930088.5)	(48.0, 926581.0)	(49.0, 941852.0)	(50.0, 958826.5)	(51.0, 962469.0)	(52.0, 957590.5)	(53.0, 953787.0)	(54.0, 940500.0)	(55.0, 903447.0)	(56.0, 869899.5)	(57.0, 827774.5)	(58.0, 778211.5)	(59.0, 734550.0)	(60.0, 685431.5)	(61.0, 619394.0)	(62.0, 552167.0)	(63.0, 493452.0)	(64.0, 439510.0)	(65.0, 403617.5)	(66.0, 363028.0)	(67.0, 314428.5)	(68.0, 270260.5)	(69.0, 232103.0)	(70.0, 191874.0)	(71.0, 158750.5)	(72.0, 127272.0)	(73.0, 97433.5)	(74.0, 72144.0)	(75.0, 55700.0)	(76.0, 46427.0)	(77.0, 37031.5)	(78.0, 28504.0)	(79.0, 23802.0)	(80.0, 19606.5)	(81.0, 16614.5)	(82.0, 13857.5)	(83.0, 12067.0)	(84.0, 10346.0)	(85.0, 9147.5)	(86.0, 8009.0)	(87.0, 7196.0)	(88.0, 6431.5)	(89.0, 5669.5)	(90.0, 4930.5)	(91.0, 4697.5)	(92.0, 4472.5)	(93.0, 4303.5)	(94.0, 4136.0)	(95.0, 4158.0)	(96.0, 4180.0)	(97.0, 4625.0)	(98.0, 5070.0)	(99.0, 10733.5)	(100.0, 16397.0)
SRR18306587_1	(0.0, 1873740.0)	(1.0, 1873740.0)	(2.0, 936958.0)	(3.0, 176.0)	(4.0, 176.0)	(5.0, 189.0)	(6.0, 202.0)	(7.0, 202.0)	(8.0, 202.0)	(9.0, 288.5)	(10.0, 375.0)	(11.0, 375.0)	(12.0, 375.0)	(13.0, 516.5)	(14.0, 658.0)	(15.0, 658.0)	(16.0, 1032.0)	(17.0, 1406.0)	(18.0, 1406.0)	(19.0, 1406.0)	(20.0, 3278.5)	(21.0, 5151.0)	(22.0, 5151.0)	(23.0, 13959.5)	(24.0, 22768.0)	(25.0, 22768.0)	(26.0, 22768.0)	(27.0, 50209.5)	(28.0, 77651.0)	(29.0, 77651.0)	(30.0, 136242.5)	(31.0, 194834.0)	(32.0, 194834.0)	(33.0, 194834.0)	(34.0, 286023.5)	(35.0, 377213.0)	(36.0, 377213.0)	(37.0, 377213.0)	(38.0, 476008.5)	(39.0, 574804.0)	(40.0, 574804.0)	(41.0, 643454.5)	(42.0, 712105.0)	(43.0, 712105.0)	(44.0, 712105.0)	(45.0, 718912.5)	(46.0, 725720.0)	(47.0, 725720.0)	(48.0, 668738.0)	(49.0, 611756.0)	(50.0, 611756.0)	(51.0, 611756.0)	(52.0, 522019.0)	(53.0, 432282.0)	(54.0, 432282.0)	(55.0, 341285.0)	(56.0, 250288.0)	(57.0, 250288.0)	(58.0, 250288.0)	(59.0, 185968.5)	(60.0, 121649.0)	(61.0, 121649.0)	(62.0, 121649.0)	(63.0, 84932.5)	(64.0, 48216.0)	(65.0, 48216.0)	(66.0, 31832.0)	(67.0, 15448.0)	(68.0, 15448.0)	(69.0, 15448.0)	(70.0, 9828.0)	(71.0, 4208.0)	(72.0, 4208.0)	(73.0, 2640.5)	(74.0, 1073.0)	(75.0, 1073.0)	(76.0, 1073.0)	(77.0, 697.5)	(78.0, 322.0)	(79.0, 322.0)	(80.0, 281.5)	(81.0, 241.0)	(82.0, 241.0)	(83.0, 241.0)	(84.0, 226.0)	(85.0, 211.0)	(86.0, 211.0)	(87.0, 211.0)	(88.0, 164.5)	(89.0, 118.0)	(90.0, 118.0)	(91.0, 76.5)	(92.0, 35.0)	(93.0, 35.0)	(94.0, 35.0)	(95.0, 46.5)	(96.0, 58.0)	(97.0, 58.0)	(98.0, 150.0)	(99.0, 242.0)	(100.0, 242.0)
SRR18306587_2	(0.0, 5596.0)	(1.0, 5190.0)	(2.0, 3305.0)	(3.0, 1906.0)	(4.0, 1990.5)	(5.0, 1880.5)	(6.0, 1763.5)	(7.0, 1873.5)	(8.0, 1977.0)	(9.0, 2242.0)	(10.0, 2523.0)	(11.0, 3175.5)	(12.0, 3831.0)	(13.0, 4644.0)	(14.0, 5537.5)	(15.0, 7505.5)	(16.0, 9622.5)	(17.0, 13183.5)	(18.0, 16705.5)	(19.0, 22457.5)	(20.0, 28644.0)	(21.0, 36735.0)	(22.0, 44720.0)	(23.0, 54824.5)	(24.0, 65118.0)	(25.0, 74743.5)	(26.0, 86534.0)	(27.0, 99853.0)	(28.0, 114503.0)	(29.0, 128673.0)	(30.0, 142810.5)	(31.0, 157982.5)	(32.0, 171996.0)	(33.0, 187898.5)	(34.0, 207068.0)	(35.0, 227117.5)	(36.0, 246122.5)	(37.0, 266944.0)	(38.0, 288040.5)	(39.0, 307770.5)	(40.0, 326136.0)	(41.0, 337322.0)	(42.0, 351105.0)	(43.0, 360385.0)	(44.0, 368101.5)	(45.0, 373813.0)	(46.0, 371923.0)	(47.0, 363807.5)	(48.0, 362575.5)	(49.0, 369349.0)	(50.0, 375437.5)	(51.0, 377084.0)	(52.0, 376135.5)	(53.0, 374303.5)	(54.0, 368037.5)	(55.0, 352520.5)	(56.0, 338746.0)	(57.0, 322281.5)	(58.0, 303191.0)	(59.0, 286147.5)	(60.0, 266831.5)	(61.0, 241084.5)	(62.0, 214761.5)	(63.0, 191399.0)	(64.0, 170101.5)	(65.0, 156303.5)	(66.0, 140485.5)	(67.0, 121503.0)	(68.0, 104251.0)	(69.0, 89476.5)	(70.0, 73895.0)	(71.0, 60599.5)	(72.0, 47970.5)	(73.0, 36365.5)	(74.0, 26623.5)	(75.0, 20345.0)	(76.0, 16826.5)	(77.0, 13390.0)	(78.0, 10289.0)	(79.0, 8446.5)	(80.0, 6823.5)	(81.0, 5709.0)	(82.0, 4651.0)	(83.0, 4011.0)	(84.0, 3435.5)	(85.0, 2987.5)	(86.0, 2538.0)	(87.0, 2186.5)	(88.0, 1870.5)	(89.0, 1637.0)	(90.0, 1406.5)	(91.0, 1307.5)	(92.0, 1210.5)	(93.0, 1104.0)	(94.0, 999.0)	(95.0, 972.0)	(96.0, 945.0)	(97.0, 1033.5)	(98.0, 1122.0)	(99.0, 2923.5)	(100.0, 4725.0)
SRR18306588_1	(0.0, 1858571.0)	(1.0, 1858571.0)	(2.0, 929370.0)	(3.0, 169.0)	(4.0, 169.0)	(5.0, 171.0)	(6.0, 173.0)	(7.0, 173.0)	(8.0, 173.0)	(9.0, 288.0)	(10.0, 403.0)	(11.0, 403.0)	(12.0, 403.0)	(13.0, 555.5)	(14.0, 708.0)	(15.0, 708.0)	(16.0, 1077.0)	(17.0, 1446.0)	(18.0, 1446.0)	(19.0, 1446.0)	(20.0, 3229.0)	(21.0, 5012.0)	(22.0, 5012.0)	(23.0, 13805.5)	(24.0, 22599.0)	(25.0, 22599.0)	(26.0, 22599.0)	(27.0, 49599.0)	(28.0, 76599.0)	(29.0, 76599.0)	(30.0, 134960.0)	(31.0, 193321.0)	(32.0, 193321.0)	(33.0, 193321.0)	(34.0, 283178.0)	(35.0, 373035.0)	(36.0, 373035.0)	(37.0, 373035.0)	(38.0, 471851.0)	(39.0, 570667.0)	(40.0, 570667.0)	(41.0, 638529.5)	(42.0, 706392.0)	(43.0, 706392.0)	(44.0, 706392.0)	(45.0, 713688.5)	(46.0, 720985.0)	(47.0, 720985.0)	(48.0, 664729.0)	(49.0, 608473.0)	(50.0, 608473.0)	(51.0, 608473.0)	(52.0, 518875.0)	(53.0, 429277.0)	(54.0, 429277.0)	(55.0, 339896.0)	(56.0, 250515.0)	(57.0, 250515.0)	(58.0, 250515.0)	(59.0, 185380.5)	(60.0, 120246.0)	(61.0, 120246.0)	(62.0, 120246.0)	(63.0, 84009.5)	(64.0, 47773.0)	(65.0, 47773.0)	(66.0, 31700.0)	(67.0, 15627.0)	(68.0, 15627.0)	(69.0, 15627.0)	(70.0, 9930.0)	(71.0, 4233.0)	(72.0, 4233.0)	(73.0, 2654.5)	(74.0, 1076.0)	(75.0, 1076.0)	(76.0, 1076.0)	(77.0, 700.0)	(78.0, 324.0)	(79.0, 324.0)	(80.0, 246.0)	(81.0, 168.0)	(82.0, 168.0)	(83.0, 168.0)	(84.0, 142.5)	(85.0, 117.0)	(86.0, 117.0)	(87.0, 117.0)	(88.0, 79.5)	(89.0, 42.0)	(90.0, 42.0)	(91.0, 31.0)	(92.0, 20.0)	(93.0, 20.0)	(94.0, 20.0)	(95.0, 35.5)	(96.0, 51.0)	(97.0, 51.0)	(98.0, 301.0)	(99.0, 551.0)	(100.0, 551.0)
SRR18306588_2	(0.0, 5887.0)	(1.0, 5524.5)	(2.0, 3534.5)	(3.0, 1964.0)	(4.0, 2021.5)	(5.0, 1924.5)	(6.0, 1826.5)	(7.0, 1897.0)	(8.0, 1967.5)	(9.0, 2218.5)	(10.0, 2472.0)	(11.0, 3156.5)	(12.0, 3839.5)	(13.0, 4682.5)	(14.0, 5609.5)	(15.0, 7594.0)	(16.0, 9737.5)	(17.0, 13298.5)	(18.0, 16789.5)	(19.0, 22547.0)	(20.0, 28788.0)	(21.0, 36762.0)	(22.0, 44619.0)	(23.0, 54594.5)	(24.0, 64710.5)	(25.0, 74252.0)	(26.0, 86060.0)	(27.0, 99652.5)	(28.0, 114316.5)	(29.0, 127922.0)	(30.0, 141661.5)	(31.0, 156888.5)	(32.0, 170896.5)	(33.0, 186396.5)	(34.0, 205287.5)	(35.0, 225346.0)	(36.0, 243948.5)	(37.0, 263677.0)	(38.0, 284214.0)	(39.0, 304391.0)	(40.0, 323119.5)	(41.0, 334171.0)	(42.0, 347999.5)	(43.0, 357625.5)	(44.0, 364817.0)	(45.0, 369831.5)	(46.0, 368332.0)	(47.0, 361353.5)	(48.0, 360158.0)	(49.0, 365758.0)	(50.0, 371780.0)	(51.0, 373615.5)	(52.0, 371710.5)	(53.0, 369450.5)	(54.0, 364427.5)	(55.0, 350500.0)	(56.0, 337121.0)	(57.0, 320446.5)	(58.0, 301167.0)	(59.0, 284215.0)	(60.0, 265200.5)	(61.0, 239433.0)	(62.0, 213304.0)	(63.0, 190136.0)	(64.0, 168559.0)	(65.0, 154714.5)	(66.0, 139147.5)	(67.0, 120409.0)	(68.0, 103579.0)	(69.0, 89176.0)	(70.0, 73936.0)	(71.0, 60933.0)	(72.0, 48458.0)	(73.0, 36980.5)	(74.0, 27155.5)	(75.0, 20651.0)	(76.0, 17074.5)	(77.0, 13594.0)	(78.0, 10391.0)	(79.0, 8627.5)	(80.0, 7111.5)	(81.0, 5977.0)	(82.0, 4922.5)	(83.0, 4281.5)	(84.0, 3644.5)	(85.0, 3166.5)	(86.0, 2706.5)	(87.0, 2359.5)	(88.0, 2056.0)	(89.0, 1787.0)	(90.0, 1511.5)	(91.0, 1432.5)	(92.0, 1362.5)	(93.0, 1267.5)	(94.0, 1173.0)	(95.0, 1125.5)	(96.0, 1078.0)	(97.0, 1194.0)	(98.0, 1310.0)	(99.0, 2951.0)	(100.0, 4592.0)
SRR18306589_1	(0.0, 1876487.0)	(1.0, 1876487.0)	(2.0, 938335.5)	(3.0, 184.0)	(4.0, 184.0)	(5.0, 200.0)	(6.0, 216.0)	(7.0, 216.0)	(8.0, 216.0)	(9.0, 296.0)	(10.0, 376.0)	(11.0, 376.0)	(12.0, 376.0)	(13.0, 550.0)	(14.0, 724.0)	(15.0, 724.0)	(16.0, 1093.5)	(17.0, 1463.0)	(18.0, 1463.0)	(19.0, 1463.0)	(20.0, 3316.5)	(21.0, 5170.0)	(22.0, 5170.0)	(23.0, 13992.0)	(24.0, 22814.0)	(25.0, 22814.0)	(26.0, 22814.0)	(27.0, 50163.0)	(28.0, 77512.0)	(29.0, 77512.0)	(30.0, 136411.5)	(31.0, 195311.0)	(32.0, 195311.0)	(33.0, 195311.0)	(34.0, 286521.5)	(35.0, 377732.0)	(36.0, 377732.0)	(37.0, 377732.0)	(38.0, 476383.0)	(39.0, 575034.0)	(40.0, 575034.0)	(41.0, 644379.0)	(42.0, 713724.0)	(43.0, 713724.0)	(44.0, 713724.0)	(45.0, 719875.5)	(46.0, 726027.0)	(47.0, 726027.0)	(48.0, 669508.0)	(49.0, 612989.0)	(50.0, 612989.0)	(51.0, 612989.0)	(52.0, 522351.0)	(53.0, 431713.0)	(54.0, 431713.0)	(55.0, 341637.0)	(56.0, 251561.0)	(57.0, 251561.0)	(58.0, 251561.0)	(59.0, 186530.0)	(60.0, 121499.0)	(61.0, 121499.0)	(62.0, 121499.0)	(63.0, 84937.0)	(64.0, 48375.0)	(65.0, 48375.0)	(66.0, 32053.5)	(67.0, 15732.0)	(68.0, 15732.0)	(69.0, 15732.0)	(70.0, 9970.0)	(71.0, 4208.0)	(72.0, 4208.0)	(73.0, 2647.5)	(74.0, 1087.0)	(75.0, 1087.0)	(76.0, 1087.0)	(77.0, 708.0)	(78.0, 329.0)	(79.0, 329.0)	(80.0, 265.0)	(81.0, 201.0)	(82.0, 201.0)	(83.0, 201.0)	(84.0, 196.0)	(85.0, 191.0)	(86.0, 191.0)	(87.0, 191.0)	(88.0, 141.5)	(89.0, 92.0)	(90.0, 92.0)	(91.0, 62.0)	(92.0, 32.0)	(93.0, 32.0)	(94.0, 32.0)	(95.0, 39.5)	(96.0, 47.0)	(97.0, 47.0)	(98.0, 117.5)	(99.0, 188.0)	(100.0, 188.0)
SRR18306589_2	(0.0, 4193.0)	(1.0, 3710.5)	(2.0, 2389.5)	(3.0, 1678.5)	(4.0, 1808.0)	(5.0, 1761.0)	(6.0, 1713.0)	(7.0, 1788.5)	(8.0, 1865.5)	(9.0, 2203.0)	(10.0, 2539.0)	(11.0, 3121.0)	(12.0, 3709.5)	(13.0, 4553.0)	(14.0, 5479.5)	(15.0, 7401.5)	(16.0, 9453.0)	(17.0, 12937.0)	(18.0, 16456.0)	(19.0, 22466.5)	(20.0, 28877.5)	(21.0, 36810.5)	(22.0, 44574.0)	(23.0, 54735.5)	(24.0, 65070.0)	(25.0, 74469.0)	(26.0, 86173.5)	(27.0, 100562.5)	(28.0, 116166.0)	(29.0, 129414.5)	(30.0, 142711.0)	(31.0, 158340.5)	(32.0, 172512.5)	(33.0, 188355.0)	(34.0, 207776.5)	(35.0, 227861.5)	(36.0, 246948.0)	(37.0, 267472.5)	(38.0, 288214.5)	(39.0, 307789.5)	(40.0, 326336.5)	(41.0, 337750.0)	(42.0, 351287.0)	(43.0, 360834.5)	(44.0, 368826.0)	(45.0, 374121.0)	(46.0, 371953.0)	(47.0, 364698.0)	(48.0, 363352.5)	(49.0, 369192.5)	(50.0, 376220.5)	(51.0, 377981.0)	(52.0, 375616.0)	(53.0, 373894.0)	(54.0, 368690.0)	(55.0, 353564.5)	(56.0, 340105.0)	(57.0, 324028.5)	(58.0, 304667.5)	(59.0, 286846.5)	(60.0, 267055.5)	(61.0, 241026.5)	(62.0, 214544.0)	(63.0, 191300.5)	(64.0, 170079.0)	(65.0, 156595.5)	(66.0, 141095.5)	(67.0, 121891.5)	(68.0, 104483.5)	(69.0, 89808.0)	(70.0, 74249.0)	(71.0, 61029.0)	(72.0, 48248.0)	(73.0, 36473.5)	(74.0, 26910.5)	(75.0, 20709.0)	(76.0, 17089.0)	(77.0, 13441.0)	(78.0, 10163.0)	(79.0, 8353.5)	(80.0, 6772.0)	(81.0, 5669.5)	(82.0, 4649.5)	(83.0, 4055.5)	(84.0, 3490.5)	(85.0, 3009.0)	(86.0, 2541.0)	(87.0, 2212.5)	(88.0, 1912.0)	(89.0, 1630.5)	(90.0, 1350.5)	(91.0, 1311.5)	(92.0, 1277.5)	(93.0, 1124.0)	(94.0, 971.0)	(95.0, 974.5)	(96.0, 978.0)	(97.0, 1040.5)	(98.0, 1103.0)	(99.0, 2924.5)	(100.0, 4746.0)
SRR18306590_1	(0.0, 1858952.0)	(1.0, 1858952.0)	(2.0, 929561.5)	(3.0, 171.0)	(4.0, 171.0)	(5.0, 190.5)	(6.0, 210.0)	(7.0, 210.0)	(8.0, 210.0)	(9.0, 301.0)	(10.0, 392.0)	(11.0, 392.0)	(12.0, 392.0)	(13.0, 553.0)	(14.0, 714.0)	(15.0, 714.0)	(16.0, 1071.0)	(17.0, 1428.0)	(18.0, 1428.0)	(19.0, 1428.0)	(20.0, 3326.0)	(21.0, 5224.0)	(22.0, 5224.0)	(23.0, 13982.5)	(24.0, 22741.0)	(25.0, 22741.0)	(26.0, 22741.0)	(27.0, 50097.5)	(28.0, 77454.0)	(29.0, 77454.0)	(30.0, 135534.5)	(31.0, 193615.0)	(32.0, 193615.0)	(33.0, 193615.0)	(34.0, 283252.0)	(35.0, 372889.0)	(36.0, 372889.0)	(37.0, 372889.0)	(38.0, 471307.5)	(39.0, 569726.0)	(40.0, 569726.0)	(41.0, 638107.5)	(42.0, 706489.0)	(43.0, 706489.0)	(44.0, 706489.0)	(45.0, 713839.5)	(46.0, 721190.0)	(47.0, 721190.0)	(48.0, 664561.0)	(49.0, 607932.0)	(50.0, 607932.0)	(51.0, 607932.0)	(52.0, 517916.0)	(53.0, 427900.0)	(54.0, 427900.0)	(55.0, 338905.0)	(56.0, 249910.0)	(57.0, 249910.0)	(58.0, 249910.0)	(59.0, 185278.5)	(60.0, 120647.0)	(61.0, 120647.0)	(62.0, 120647.0)	(63.0, 84030.0)	(64.0, 47413.0)	(65.0, 47413.0)	(66.0, 31457.5)	(67.0, 15502.0)	(68.0, 15502.0)	(69.0, 15502.0)	(70.0, 9836.5)	(71.0, 4171.0)	(72.0, 4171.0)	(73.0, 2621.0)	(74.0, 1071.0)	(75.0, 1071.0)	(76.0, 1071.0)	(77.0, 697.5)	(78.0, 324.0)	(79.0, 324.0)	(80.0, 244.0)	(81.0, 164.0)	(82.0, 164.0)	(83.0, 164.0)	(84.0, 146.5)	(85.0, 129.0)	(86.0, 129.0)	(87.0, 129.0)	(88.0, 81.0)	(89.0, 33.0)	(90.0, 33.0)	(91.0, 23.0)	(92.0, 13.0)	(93.0, 13.0)	(94.0, 13.0)	(95.0, 31.0)	(96.0, 49.0)	(97.0, 49.0)	(98.0, 258.5)	(99.0, 468.0)	(100.0, 468.0)
SRR18306590_2	(0.0, 4264.0)	(1.0, 3776.5)	(2.0, 2384.5)	(3.0, 1608.5)	(4.0, 1737.0)	(5.0, 1705.5)	(6.0, 1675.5)	(7.0, 1772.0)	(8.0, 1865.0)	(9.0, 2159.5)	(10.0, 2468.0)	(11.0, 3099.5)	(12.0, 3719.5)	(13.0, 4520.0)	(14.0, 5434.5)	(15.0, 7472.5)	(16.0, 9622.5)	(17.0, 13067.5)	(18.0, 16486.0)	(19.0, 22287.0)	(20.0, 28524.0)	(21.0, 36533.5)	(22.0, 44432.0)	(23.0, 54318.5)	(24.0, 64376.0)	(25.0, 74100.0)	(26.0, 85992.0)	(27.0, 99634.0)	(28.0, 114454.0)	(29.0, 127986.0)	(30.0, 141770.5)	(31.0, 157113.0)	(32.0, 171044.5)	(33.0, 186367.5)	(34.0, 205312.0)	(35.0, 225993.0)	(36.0, 245016.0)	(37.0, 264851.0)	(38.0, 285418.0)	(39.0, 305292.5)	(40.0, 323846.0)	(41.0, 334662.0)	(42.0, 348111.5)	(43.0, 358125.0)	(44.0, 365802.0)	(45.0, 370002.0)	(46.0, 367422.0)	(47.0, 360138.0)	(48.0, 359088.5)	(49.0, 365660.5)	(50.0, 372786.0)	(51.0, 374721.5)	(52.0, 372843.5)	(53.0, 370261.5)	(54.0, 363878.5)	(55.0, 349122.5)	(56.0, 336307.5)	(57.0, 320078.5)	(58.0, 300257.5)	(59.0, 282907.5)	(60.0, 264272.0)	(61.0, 239055.0)	(62.0, 213081.0)	(63.0, 190292.5)	(64.0, 168843.0)	(65.0, 154893.0)	(66.0, 139689.5)	(67.0, 120827.5)	(68.0, 103671.5)	(69.0, 89067.5)	(70.0, 73551.0)	(71.0, 60700.5)	(72.0, 48340.5)	(73.0, 36702.5)	(74.0, 26951.0)	(75.0, 20659.0)	(76.0, 17151.0)	(77.0, 13668.5)	(78.0, 10494.0)	(79.0, 8709.0)	(80.0, 7181.5)	(81.0, 6054.5)	(82.0, 4971.5)	(83.0, 4249.5)	(84.0, 3572.0)	(85.0, 3143.0)	(86.0, 2733.5)	(87.0, 2429.0)	(88.0, 2144.5)	(89.0, 1852.0)	(90.0, 1561.0)	(91.0, 1455.0)	(92.0, 1359.0)	(93.0, 1274.0)	(94.0, 1189.0)	(95.0, 1175.5)	(96.0, 1162.0)	(97.0, 1304.0)	(98.0, 1446.0)	(99.0, 3347.0)	(100.0, 5248.0)
SRR18306591_1	(0.0, 5386308.0)	(1.0, 5386308.0)	(2.0, 2693348.5)	(3.0, 389.0)	(4.0, 389.0)	(5.0, 494.5)	(6.0, 600.0)	(7.0, 600.0)	(8.0, 600.0)	(9.0, 976.0)	(10.0, 1352.0)	(11.0, 1352.0)	(12.0, 1352.0)	(13.0, 1852.0)	(14.0, 2352.0)	(15.0, 2352.0)	(16.0, 3526.5)	(17.0, 4701.0)	(18.0, 4701.0)	(19.0, 4701.0)	(20.0, 10205.0)	(21.0, 15709.0)	(22.0, 15709.0)	(23.0, 40927.0)	(24.0, 66145.0)	(25.0, 66145.0)	(26.0, 66145.0)	(27.0, 144910.5)	(28.0, 223676.0)	(29.0, 223676.0)	(30.0, 392787.0)	(31.0, 561898.0)	(32.0, 561898.0)	(33.0, 561898.0)	(34.0, 822288.0)	(35.0, 1082678.0)	(36.0, 1082678.0)	(37.0, 1082678.0)	(38.0, 1368567.0)	(39.0, 1654456.0)	(40.0, 1654456.0)	(41.0, 1850787.0)	(42.0, 2047118.0)	(43.0, 2047118.0)	(44.0, 2047118.0)	(45.0, 2067378.0)	(46.0, 2087638.0)	(47.0, 2087638.0)	(48.0, 1924873.0)	(49.0, 1762108.0)	(50.0, 1762108.0)	(51.0, 1762108.0)	(52.0, 1500819.0)	(53.0, 1239530.0)	(54.0, 1239530.0)	(55.0, 980401.0)	(56.0, 721272.0)	(57.0, 721272.0)	(58.0, 721272.0)	(59.0, 534308.0)	(60.0, 347344.0)	(61.0, 347344.0)	(62.0, 347344.0)	(63.0, 242795.5)	(64.0, 138247.0)	(65.0, 138247.0)	(66.0, 91236.5)	(67.0, 44226.0)	(68.0, 44226.0)	(69.0, 44226.0)	(70.0, 28214.0)	(71.0, 12202.0)	(72.0, 12202.0)	(73.0, 7613.5)	(74.0, 3025.0)	(75.0, 3025.0)	(76.0, 3025.0)	(77.0, 1952.0)	(78.0, 879.0)	(79.0, 879.0)	(80.0, 754.5)	(81.0, 630.0)	(82.0, 630.0)	(83.0, 630.0)	(84.0, 635.5)	(85.0, 641.0)	(86.0, 641.0)	(87.0, 641.0)	(88.0, 487.0)	(89.0, 333.0)	(90.0, 333.0)	(91.0, 196.0)	(92.0, 59.0)	(93.0, 59.0)	(94.0, 59.0)	(95.0, 104.0)	(96.0, 149.0)	(97.0, 149.0)	(98.0, 373.0)	(99.0, 597.0)	(100.0, 597.0)
SRR18306591_2	(0.0, 15128.0)	(1.0, 14257.0)	(2.0, 9111.0)	(3.0, 4954.0)	(4.0, 5076.0)	(5.0, 4868.5)	(6.0, 4661.5)	(7.0, 4890.5)	(8.0, 5095.5)	(9.0, 5978.0)	(10.0, 6889.0)	(11.0, 8741.0)	(12.0, 10604.0)	(13.0, 13016.0)	(14.0, 15681.5)	(15.0, 21246.5)	(16.0, 27151.0)	(17.0, 37085.0)	(18.0, 47016.0)	(19.0, 63770.0)	(20.0, 81754.0)	(21.0, 104566.5)	(22.0, 127040.5)	(23.0, 155750.5)	(24.0, 184947.0)	(25.0, 212530.5)	(26.0, 246291.5)	(27.0, 285615.0)	(28.0, 329087.0)	(29.0, 368856.5)	(30.0, 408030.5)	(31.0, 450781.5)	(32.0, 490140.0)	(33.0, 536652.5)	(34.0, 593410.5)	(35.0, 652251.5)	(36.0, 706588.5)	(37.0, 764629.0)	(38.0, 825280.0)	(39.0, 883564.0)	(40.0, 937881.0)	(41.0, 970313.0)	(42.0, 1009124.5)	(43.0, 1037019.5)	(44.0, 1059969.5)	(45.0, 1074403.0)	(46.0, 1069110.0)	(47.0, 1049404.0)	(48.0, 1046317.0)	(49.0, 1062709.5)	(50.0, 1080430.5)	(51.0, 1086038.0)	(52.0, 1081824.0)	(53.0, 1076870.0)	(54.0, 1060924.0)	(55.0, 1017113.0)	(56.0, 977834.0)	(57.0, 930378.0)	(58.0, 874054.0)	(59.0, 824833.0)	(60.0, 770216.0)	(61.0, 695511.0)	(62.0, 618897.5)	(63.0, 551921.0)	(64.0, 490236.5)	(65.0, 449478.5)	(66.0, 404113.5)	(67.0, 350445.5)	(68.0, 301509.0)	(69.0, 258710.5)	(70.0, 213381.0)	(71.0, 175803.5)	(72.0, 139908.5)	(73.0, 106094.0)	(74.0, 77832.0)	(75.0, 59759.0)	(76.0, 49629.0)	(77.0, 39249.5)	(78.0, 29704.5)	(79.0, 24408.5)	(80.0, 19921.0)	(81.0, 16704.5)	(82.0, 13604.5)	(83.0, 11817.0)	(84.0, 10145.5)	(85.0, 8708.0)	(86.0, 7307.5)	(87.0, 6320.5)	(88.0, 5422.5)	(89.0, 4663.5)	(90.0, 3913.5)	(91.0, 3624.5)	(92.0, 3350.0)	(93.0, 3126.5)	(94.0, 2902.0)	(95.0, 2815.5)	(96.0, 2729.0)	(97.0, 3040.0)	(98.0, 3351.0)	(99.0, 8268.0)	(100.0, 13185.0)
